ags	source_page	source_row	field	printed_percentage	method
01001000	18	1	without_certificate	90.5	ocr
01001000	18	1	with_certificate	9.5	ocr
01001000	18	1	number_voters	73.5	ocr
01001000	18	1	invalid_votes	0.2	ocr
01001000	19	1	cdu	37.0	ocr
01001000	19	1	fdp	1.5	ocr
01001000	19	1	ssw	16.0	ocr
01001000	19	1	dkp	0.1	ocr
01001000	19	1	dgl	0.3	ocr
01001000	19	1	gruene	2.7	ocr
01002000	18	2	without_certificate	89.9	ocr
01002000	18	2	with_certificate	10.1	ocr
01002000	18	2	number_voters	74.1	ocr
01002000	18	2	invalid_votes	0.2	ocr
01002000	19	2	cdu	40.1	ocr
01002000	19	2	fdp	2.0	ocr
01002000	19	2	ssw	0.1	ocr
01002000	19	2	dkp	0.2	ocr
01002000	19	2	gruene	3.6	ocr
01002000	19	2	fp	0.1	ocr
01003000	18	3	without_certificate	90.3	ocr
01003000	18	3	with_certificate	9.7	ocr
01003000	18	3	number_voters	73.7	ocr
01003000	18	3	invalid_votes	0.3	ocr
01003000	19	3	cdu	43.4	ocr
01003000	19	3	fdp	1.6	ocr
01003000	19	3	dkp	0.1	ocr
01003000	19	3	dgl	0.1	ocr
01003000	19	3	gruene	2.8	ocr
01003000	19	3	fp	0.1	ocr
01004000	18	4	without_certificate	91.3	ocr
01004000	18	4	with_certificate	8.7	ocr
01004000	18	4	number_voters	74.2	ocr
01004000	18	4	invalid_votes	0.3	ocr
01004000	19	4	cdu	44.6	ocr
01004000	19	4	fdp	1.4	ocr
01004000	19	4	dkp	0.1	ocr
01004000	19	4	gruene	3.2	ocr
01004000	19	4	fp	0.1	ocr
01051001	18	5	without_certificate	92.6	ocr
01051001	18	5	with_certificate	7.4	ocr
01051001	18	5	number_voters	77.2	ocr
01051001	18	5	invalid_votes	0.2	ocr
01051001	19	5	spd	35.8	ocr
01051001	19	5	fdp	2.5	ocr
01051001	19	5	dkp	0.1	ocr
01051001	19	5	gruene	2.2	ocr
01051002	18	6	without_certificate	93.8	ocr
01051002	18	6	with_certificate	6.2	ocr
01051002	18	6	number_voters	84.0	ocr
01051002	19	6	spd	19.9	ocr
01051002	19	6	fdp	1.5	ocr
01051002	19	6	gruene	6.6	ocr
01051003	18	7	without_certificate	96.5	ocr
01051003	18	7	with_certificate	3.5	ocr
01051003	18	7	number_voters	78.1	ocr
01051003	18	7	invalid_votes	0.8	ocr
01051003	19	7	cdu	44.7	ocr
01051003	19	7	dkp	0.3	ocr
01051003	19	7	gruene	2.7	ocr
01051004	18	8	without_certificate	93.6	ocr
01051004	18	8	with_certificate	6.4	ocr
01051004	18	8	number_voters	81.4	ocr
01051004	18	8	invalid_votes	0.6	ocr
01051004	19	8	fdp	2.9	ocr
01051004	19	8	gruene	2.0	ocr
01051005	18	9	without_certificate	96.9	ocr
01051005	18	9	with_certificate	3.1	ocr
01051005	18	9	number_voters	85.0	ocr
01051005	19	9	spd	29.4	ocr
01051005	19	9	fdp	0.7	ocr
01051005	19	9	gruene	2.9	ocr
01051006	18	10	without_certificate	91.1	ocr
01051006	18	10	with_certificate	8.9	ocr
01051006	18	10	number_voters	78.3	ocr
01051006	18	10	invalid_votes	0.2	visual
01051006	19	10	spd	39.3	ocr
01051006	19	10	fdp	0.4	ocr
01051006	19	10	gruene	2.1	ocr
01051008	18	11	without_certificate	92.3	ocr
01051008	18	11	with_certificate	7.7	ocr
01051008	18	11	number_voters	84.6	ocr
01051008	19	11	spd	9.1	ocr
01051010	18	12	without_certificate	92.7	ocr
01051010	18	12	with_certificate	7.3	ocr
01051010	18	12	number_voters	68.6	ocr
01051010	18	12	invalid_votes	1.1	ocr
01051010	19	12	spd	18.3	ocr
01051011	18	13	without_certificate	90.3	ocr
01051011	18	13	with_certificate	9.7	ocr
01051011	18	13	number_voters	75.6	ocr
01051011	18	13	invalid_votes	0.5	ocr
01051011	19	13	cdu	42.8	ocr
01051011	19	13	fdp	1.8	ocr
01051011	19	13	dkp	0.3	ocr
01051012	18	14	without_certificate	93.2	ocr
01051012	18	14	with_certificate	6.8	ocr
01051012	18	14	number_voters	81.9	ocr
01051012	18	14	invalid_votes	0.2	ocr
01051012	19	14	spd	32.7	ocr
01051012	19	14	fdp	1.9	ocr
01051012	19	14	dkp	0.2	ocr
01051012	19	14	gruene	4.2	ocr
01051013	18	15	without_certificate	83.9	ocr
01051013	18	15	with_certificate	16.1	ocr
01051013	18	15	number_voters	68.7	ocr
01051013	18	15	invalid_votes	0.4	visual
01051013	19	15	spd	38.5	ocr
01051013	19	15	fdp	2.4	ocr
01051013	19	15	dkp	0.1	ocr
01051013	19	15	gruene	2.2	ocr
01051014	18	16	without_certificate	82.2	ocr
01051014	18	16	with_certificate	17.8	ocr
01051014	18	16	number_voters	73.5	ocr
01051014	18	16	invalid_votes	0.5	ocr
01051014	19	16	cdu	43.2	ocr
01051014	19	16	fdp	5.4	ocr
01051014	19	16	dkp	0.5	ocr
01051014	19	16	gruene	3.8	ocr
01051015	18	17	without_certificate	91.6	ocr
01051015	18	17	with_certificate	8.4	ocr
01051015	18	17	number_voters	78.8	ocr
01051015	18	17	invalid_votes	0.5	ocr
01051015	19	17	spd	32.2	ocr
01051015	19	17	fdp	4.1	ocr
01051015	19	17	gruene	1.5	ocr
01051016	18	18	without_certificate	88.2	ocr
01051016	18	18	with_certificate	11.8	ocr
01051016	18	18	number_voters	72.2	ocr
01051016	18	18	invalid_votes	0.2	ocr
01051016	19	18	spd	40.4	ocr
01051016	19	18	fdp	3.0	ocr
01051016	19	18	dkp	0.1	ocr
01051016	19	18	gruene	4.4	ocr
01051017	18	19	without_certificate	91.6	ocr
01051017	18	19	with_certificate	8.4	ocr
01051017	18	19	number_voters	78.6	ocr
01051017	18	19	invalid_votes	0.6	ocr
01051017	19	19	spd	36.3	ocr
01051017	19	19	gruene	1.2	ocr
01051019	18	20	without_certificate	93.7	ocr
01051019	18	20	with_certificate	6.3	ocr
01051019	18	20	number_voters	80.8	visual
01051019	18	20	invalid_votes	0.2	ocr
01051019	19	20	spd	20.6	ocr
01051019	19	20	fdp	0.9	ocr
01051019	19	20	gruene	1.5	ocr
01051020	18	21	without_certificate	95.1	ocr
01051020	18	21	with_certificate	4.9	ocr
01051020	18	21	number_voters	78.3	ocr
01051020	18	21	invalid_votes	0.2	ocr
01051020	19	21	spd	32.4	ocr
01051020	19	21	fdp	2.3	ocr
01051020	19	21	dkp	0.2	ocr
01051020	19	21	gruene	1.8	ocr
01051021	18	22	without_certificate	93.9	ocr
01051021	18	22	with_certificate	6.1	ocr
01051021	18	22	number_voters	80.3	ocr
01051021	18	22	invalid_votes	0.3	ocr
01051021	19	22	fdp	0.3	ocr
01051021	19	22	gruene	3.7	ocr
01051022	18	23	without_certificate	94.6	ocr
01051022	18	23	number_voters	77.5	ocr
01051022	18	23	invalid_votes	0.8	ocr
01051022	19	23	spd	47.9	ocr
01051022	19	23	fdp	1.1	ocr
01051022	19	23	gruene	2.5	ocr
01051023	18	24	without_certificate	95.0	ocr
01051023	18	24	with_certificate	5.0	ocr
01051023	18	24	number_voters	78.0	ocr
01051023	18	24	invalid_votes	1.2	ocr
01051023	19	24	spd	29.8	ocr
01051023	19	24	fdp	0.9	ocr
01051023	19	24	ssw	0.3	ocr
01051023	19	24	gruene	3.0	ocr
01051024	18	25	without_certificate	92.5	ocr
01051024	18	25	with_certificate	7.5	ocr
01051024	18	25	number_voters	73.4	ocr
01051024	18	25	invalid_votes	0.4	ocr
01051024	19	25	spd	41.6	ocr
01051024	19	25	fdp	1.6	ocr
01051024	19	25	gruene	3.0	ocr
01051026	20	1	without_certificate	96.3	ocr
01051026	20	1	with_certificate	3.7	ocr
01051026	20	1	number_voters	81.2	ocr
01051026	20	1	invalid_votes	0.2	ocr
01051026	21	1	spd	30.8	ocr
01051026	21	1	fdp	0.9	ocr
01051026	21	1	dkp	0.2	ocr
01051026	21	1	gruene	3.7	ocr
01051027	20	2	without_certificate	93.8	ocr
01051027	20	2	with_certificate	6.2	ocr
01051027	20	2	number_voters	82.0	ocr
01051027	20	2	invalid_votes	0.2	ocr
01051027	21	2	spd	35.6	ocr
01051027	21	2	fdp	1.8	ocr
01051027	21	2	gruene	2.0	ocr
01051028	20	3	without_certificate	96.2	ocr
01051028	20	3	with_certificate	3.8	ocr
01051028	20	3	number_voters	85.0	ocr
01051028	21	3	spd	35.1	ocr
01051028	21	3	fdp	2.7	ocr
01051028	21	3	gruene	2.5	ocr
01051030	20	4	without_certificate	91.7	ocr
01051030	20	4	with_certificate	8.3	ocr
01051030	20	4	number_voters	81.9	ocr
01051030	21	4	spd	29.9	ocr
01051030	21	4	fdp	1.2	ocr
01051030	21	4	gruene	2.4	ocr
01051032	20	5	without_certificate	94.3	ocr
01051032	20	5	with_certificate	5.7	ocr
01051032	20	5	number_voters	90.2	ocr
01051032	20	5	invalid_votes	0.4	ocr
01051032	21	5	spd	38.6	ocr
01051032	21	5	fdp	1.5	ocr
01051032	21	5	gruene	3.0	ocr
01051033	20	6	without_certificate	92.8	ocr
01051033	20	6	number_voters	85.5	ocr
01051033	21	6	cdu	44.1	ocr
01051033	21	6	fdp	5.1	ocr
01051033	21	6	gruene	5.1	ocr
01051034	20	7	without_certificate	93.3	ocr
01051034	20	7	with_certificate	6.7	ocr
01051034	20	7	number_voters	79.8	ocr
01051034	20	7	invalid_votes	0.6	ocr
01051034	21	7	spd	45.4	ocr
01051034	21	7	fdp	0.9	ocr
01051034	21	7	gruene	1.4	ocr
01051035	20	8	without_certificate	93.0	ocr
01051035	20	8	with_certificate	7.0	ocr
01051035	20	8	number_voters	82.8	ocr
01051035	20	8	invalid_votes	1.5	ocr
01051035	21	8	spd	25.0	visual
01051035	21	8	fdp	0.8	ocr
01051035	21	8	gruene	5.5	ocr
01051036	20	9	without_certificate	94.7	ocr
01051036	20	9	with_certificate	5.3	ocr
01051036	20	9	number_voters	86.3	ocr
01051036	21	9	spd	7.3	ocr
01051036	21	9	fdp	2.4	ocr
01051037	20	10	without_certificate	93.3	ocr
01051037	20	10	with_certificate	6.7	ocr
01051037	20	10	number_voters	78.9	ocr
01051037	20	10	invalid_votes	0.7	ocr
01051037	21	10	spd	27.2	ocr
01051037	21	10	fdp	3.4	ocr
01051037	21	10	dkp	0.7	ocr
01051037	21	10	gruene	5.6	ocr
01051038	20	11	without_certificate	90.8	ocr
01051038	20	11	number_voters	77.0	ocr
01051038	21	11	spd	29.9	ocr
01051038	21	11	ssw	3.0	ocr
01051038	21	11	dkp	3.0	ocr
01051038	21	11	gruene	1.5	ocr
01051039	20	12	without_certificate	93.6	ocr
01051039	20	12	with_certificate	6.4	ocr
01051039	20	12	number_voters	84.4	ocr
01051039	20	12	invalid_votes	0.4	ocr
01051039	21	12	spd	36.3	ocr
01051039	21	12	fdp	2.4	ocr
01051039	21	12	gruene	1.2	ocr
01051040	20	13	without_certificate	89.8	ocr
01051040	20	13	with_certificate	10.2	ocr
01051040	20	13	number_voters	84.7	ocr
01051040	21	13	spd	2.0	ocr
01051040	21	13	gruene	8.0	visual
01051043	20	14	without_certificate	88.9	ocr
01051043	20	14	with_certificate	11.1	ocr
01051043	20	14	number_voters	83.1	ocr
01051043	21	14	spd	44.8	ocr
01051043	21	14	fdp	2.3	ocr
01051043	21	14	gruene	3.5	ocr
01051044	20	15	without_certificate	90.6	ocr
01051044	20	15	with_certificate	9.4	ocr
01051044	20	15	number_voters	75.5	ocr
01051044	20	15	invalid_votes	0.4	ocr
01051044	21	15	spd	44.8	ocr
01051044	21	15	fdp	2.4	ocr
01051044	21	15	dkp	0.1	ocr
01051044	21	15	gruene	2.2	ocr
01051045	20	16	without_certificate	96.8	ocr
01051045	20	16	with_certificate	3.2	ocr
01051045	20	16	number_voters	73.4	ocr
01051045	20	16	invalid_votes	1.1	ocr
01051045	21	16	spd	28.9	ocr
01051045	21	16	fdp	2.2	ocr
01051045	21	16	gruene	3.3	ocr
01051046	20	17	without_certificate	92.5	ocr
01051046	20	17	with_certificate	7.5	ocr
01051046	20	17	number_voters	73.5	ocr
01051046	20	17	invalid_votes	0.4	ocr
01051046	21	17	cdu	42.6	ocr
01051046	21	17	fdp	2.2	ocr
01051046	21	17	dkp	0.2	ocr
01051046	21	17	gruene	1.2	ocr
01051047	20	18	without_certificate	91.3	ocr
01051047	20	18	with_certificate	8.7	ocr
01051047	20	18	number_voters	77.9	ocr
01051047	21	18	spd	36.8	ocr
01051047	21	18	fdp	2.6	ocr
01051047	21	18	ssw	0.3	ocr
01051047	21	18	dkp	0.3	ocr
01051047	21	18	gruene	2.6	ocr
01051048	20	19	without_certificate	93.8	ocr
01051048	20	19	with_certificate	6.2	ocr
01051048	20	19	number_voters	80.6	visual
01051048	20	19	invalid_votes	0.5	ocr
01051048	21	19	cdu	47.6	ocr
01051048	21	19	fdp	2.2	ocr
01051048	21	19	gruene	2.6	ocr
01051049	20	20	without_certificate	92.5	ocr
01051049	20	20	with_certificate	7.5	ocr
01051049	20	20	number_voters	78.4	ocr
01051049	20	20	invalid_votes	0.3	ocr
01051049	21	20	spd	36.3	ocr
01051049	21	20	fdp	5.0	ocr
01051049	21	20	ssw	0.1	ocr
01051049	21	20	dkp	0.1	ocr
01051049	21	20	gruene	2.4	ocr
01051050	20	21	without_certificate	86.0	ocr
01051050	20	21	with_certificate	14.0	ocr
01051050	20	21	number_voters	69.8	ocr
01051050	21	21	spd	31.7	ocr
01051050	21	21	gruene	1.7	ocr
01051051	20	22	without_certificate	92.4	ocr
01051051	20	22	with_certificate	7.6	ocr
01051051	20	22	number_voters	74.5	ocr
01051051	20	22	invalid_votes	0.5	ocr
01051051	21	22	spd	44.3	ocr
01051051	21	22	fdp	0.8	ocr
01051051	21	22	gruene	3.3	ocr
01051052	20	23	without_certificate	96.0	ocr
01051052	20	23	with_certificate	4.0	ocr
01051052	20	23	number_voters	94.0	ocr
01051052	21	23	spd	8.5	ocr
01051052	21	23	gruene	2.1	ocr
01051053	20	24	without_certificate	94.7	ocr
01051053	20	24	with_certificate	5.3	ocr
01051053	20	24	number_voters	82.4	ocr
01051053	20	24	invalid_votes	0.5	ocr
01051053	21	24	spd	30.8	ocr
01051053	21	24	fdp	2.5	ocr
01051053	21	24	gruene	2.5	ocr
01051054	20	25	without_certificate	96.4	ocr
01051054	20	25	with_certificate	3.6	ocr
01051054	20	25	number_voters	85.7	ocr
01051054	21	25	spd	30.6	ocr
01051054	21	25	fdp	1.4	ocr
01051054	21	25	gruene	2.8	ocr
01051057	22	1	without_certificate	95.0	ocr
01051057	22	1	with_certificate	5.0	ocr
01051057	22	1	number_voters	79.8	ocr
01051057	22	1	invalid_votes	0.4	ocr
01051057	23	1	spd	46.8	ocr
01051057	23	1	fdp	0.8	ocr
01051057	23	1	gruene	1.2	ocr
01051058	22	2	without_certificate	93.3	ocr
01051058	22	2	with_certificate	6.7	ocr
01051058	22	2	number_voters	79.3	ocr
01051058	23	2	spd	45.8	ocr
01051058	23	2	fdp	0.9	ocr
01051058	23	2	gruene	0.9	ocr
01051060	22	3	without_certificate	94.8	ocr
01051060	22	3	with_certificate	5.2	ocr
01051060	22	3	number_voters	83.0	ocr
01051060	23	3	spd	37.0	ocr
01051060	23	3	fdp	0.3	ocr
01051060	23	3	gruene	3.8	ocr
01051061	22	4	without_certificate	89.8	ocr
01051061	22	4	with_certificate	10.2	ocr
01051061	22	4	number_voters	77.3	ocr
01051061	22	4	invalid_votes	0.3	ocr
01051061	23	4	cdu	36.2	ocr
01051061	23	4	fdp	0.9	ocr
01051061	23	4	gruene	0.9	ocr
01051062	22	5	without_certificate	91.3	ocr
01051062	22	5	with_certificate	8.7	ocr
01051062	22	5	number_voters	79.3	ocr
01051062	22	5	invalid_votes	0.5	ocr
01051063	22	6	without_certificate	94.3	ocr
01051063	22	6	with_certificate	5.7	ocr
01051063	22	6	number_voters	76.9	ocr
01051063	22	6	invalid_votes	0.3	ocr
01051063	23	6	spd	33.8	ocr
01051063	23	6	fdp	3.0	ocr
01051063	23	6	gruene	2.7	ocr
01051064	22	7	without_certificate	95.1	ocr
01051064	22	7	with_certificate	4.9	ocr
01051064	22	7	number_voters	79.8	ocr
01051064	23	7	spd	32.4	ocr
01051064	23	7	fdp	3.4	ocr
01051064	23	7	dkp	0.3	ocr
01051065	22	8	without_certificate	93.4	ocr
01051065	22	8	with_certificate	6.6	ocr
01051065	22	8	number_voters	78.5	ocr
01051065	22	8	invalid_votes	0.2	ocr
01051065	23	8	spd	44.9	ocr
01051065	23	8	fdp	2.2	ocr
01051065	23	8	gruene	2.8	ocr
01051067	22	9	without_certificate	93.0	ocr
01051067	22	9	number_voters	83.7	ocr
01051067	22	9	invalid_votes	0.5	ocr
01051068	22	10	without_certificate	91.5	ocr
01051068	22	10	number_voters	80.9	ocr
01051068	22	10	invalid_votes	0.5	ocr
01051068	23	10	spd	34.7	ocr
01051068	23	10	fdp	3.4	ocr
01051068	23	10	ssw	0.7	ocr
01051068	23	10	gruene	3.9	ocr
01051069	22	11	without_certificate	90.6	ocr
01051069	22	11	with_certificate	9.4	ocr
01051069	22	11	number_voters	82.0	ocr
01051069	22	11	invalid_votes	0.6	ocr
01051069	23	11	fdp	2.1	ocr
01051069	23	11	dkp	0.1	ocr
01051069	23	11	gruene	1.9	ocr
01051071	22	12	without_certificate	88.8	ocr
01051071	22	12	with_certificate	11.2	ocr
01051071	22	12	number_voters	71.6	ocr
01051071	22	12	invalid_votes	0.4	ocr
01051071	23	12	cdu	43.9	ocr
01051071	23	12	fdp	1.7	ocr
01051071	23	12	gruene	1.9	visual
01051072	22	13	without_certificate	89.6	ocr
01051072	22	13	with_certificate	10.4	ocr
01051072	22	13	number_voters	76.1	ocr
01051072	22	13	invalid_votes	0.5	ocr
01051072	23	13	spd	44.6	ocr
01051072	23	13	fdp	2.0	ocr
01051072	23	13	gruene	2.5	ocr
01051073	22	14	without_certificate	96.6	ocr
01051073	22	14	with_certificate	3.4	ocr
01051073	22	14	number_voters	85.5	ocr
01051073	23	14	cdu	46.8	ocr
01051073	23	14	fdp	1.5	ocr
01051073	23	14	gruene	2.0	ocr
01051074	22	15	without_certificate	90.3	ocr
01051074	22	15	with_certificate	9.7	ocr
01051074	22	15	number_voters	77.9	ocr
01051074	22	15	invalid_votes	0.5	ocr
01051074	23	15	spd	45.5	ocr
01051074	23	15	fdp	2.3	ocr
01051074	23	15	gruene	2.0	ocr
01051075	22	16	without_certificate	93.8	ocr
01051075	22	16	with_certificate	6.2	ocr
01051075	22	16	number_voters	76.9	ocr
01051075	22	16	invalid_votes	0.3	ocr
01051075	23	16	spd	39.9	ocr
01051075	23	16	fdp	2.1	ocr
01051075	23	16	gruene	1.2	ocr
01051076	22	17	without_certificate	95.7	ocr
01051076	22	17	with_certificate	4.3	ocr
01051076	22	17	number_voters	77.4	ocr
01051076	23	17	spd	47.1	ocr
01051076	23	17	dkp	0.5	ocr
01051076	23	17	gruene	2.4	ocr
01051077	22	18	without_certificate	96.4	ocr
01051077	22	18	with_certificate	3.6	ocr
01051077	22	18	number_voters	79.1	ocr
01051077	23	18	spd	20.7	ocr
01051078	22	19	without_certificate	93.7	ocr
01051078	22	19	with_certificate	6.3	ocr
01051078	22	19	number_voters	80.8	ocr
01051078	22	19	invalid_votes	0.3	ocr
01051078	23	19	spd	43.5	ocr
01051078	23	19	fdp	2.5	ocr
01051078	23	19	dkp	0.2	ocr
01051078	23	19	gruene	2.2	ocr
01051079	22	20	without_certificate	95.6	ocr
01051079	22	20	with_certificate	4.4	ocr
01051079	22	20	number_voters	78.0	ocr
01051080	22	21	without_certificate	94.0	ocr
01051080	22	21	with_certificate	6.0	ocr
01051080	22	21	number_voters	77.1	ocr
01051080	23	21	spd	20.3	ocr
01051080	23	21	fdp	10.9	ocr
01051080	23	21	dkp	1.6	ocr
01051080	23	21	gruene	3.1	ocr
01051081	22	22	without_certificate	89.6	ocr
01051081	22	22	with_certificate	10.4	ocr
01051081	22	22	number_voters	71.5	ocr
01051081	23	22	spd	36.0	ocr
01051081	23	22	fdp	3.2	ocr
01051081	23	22	gruene	3.2	ocr
01051082	22	23	without_certificate	92.3	ocr
01051082	22	23	with_certificate	7.7	ocr
01051082	22	23	number_voters	81.0	ocr
01051082	22	23	invalid_votes	0.1	ocr
01051082	23	23	spd	38.0	ocr
01051082	23	23	fdp	2.0	ocr
01051082	23	23	dkp	0.1	ocr
01051082	23	23	gruene	2.7	ocr
01051083	22	24	without_certificate	95.3	ocr
01051083	22	24	with_certificate	4.7	ocr
01051083	22	24	number_voters	86.3	ocr
01051084	22	25	without_certificate	91.4	ocr
01051084	22	25	with_certificate	8.6	ocr
01051084	22	25	number_voters	77.6	ocr
01051085	24	1	without_certificate	96.7	ocr
01051085	24	1	with_certificate	3.3	ocr
01051085	24	1	number_voters	91.7	ocr
01051085	25	1	spd	22.5	ocr
01051085	25	1	fdp	0.5	ocr
01051085	25	1	gruene	0.9	ocr
01051086	24	2	without_certificate	94.7	ocr
01051086	24	2	with_certificate	5.3	ocr
01051086	24	2	number_voters	82.9	ocr
01051086	25	2	spd	23.2	ocr
01051086	25	2	fdp	1.9	ocr
01051086	25	2	gruene	3.2	ocr
01051087	24	3	without_certificate	90.9	ocr
01051087	24	3	with_certificate	9.1	ocr
01051087	24	3	invalid_votes	0.2	ocr
01051087	25	3	spd	43.8	ocr
01051087	25	3	fdp	1.8	ocr
01051087	25	3	dkp	0.2	ocr
01051087	25	3	gruene	3.1	ocr
01051088	24	4	without_certificate	94.2	ocr
01051088	24	4	with_certificate	5.8	ocr
01051088	24	4	number_voters	80.4	ocr
01051088	24	4	invalid_votes	1.0	ocr
01051088	25	4	spd	39.0	ocr
01051088	25	4	fdp	2.0	ocr
01051088	25	4	ssw	0.2	ocr
01051088	25	4	dkp	0.2	ocr
01051088	25	4	gruene	2.0	ocr
01051089	24	5	without_certificate	94.3	ocr
01051089	24	5	with_certificate	5.7	ocr
01051089	24	5	number_voters	77.3	ocr
01051089	25	5	spd	29.0	ocr
01051089	25	5	fdp	3.7	ocr
01051089	25	5	gruene	2.8	ocr
01051090	24	6	without_certificate	90.4	ocr
01051090	24	6	with_certificate	9.6	ocr
01051090	24	6	number_voters	80.1	ocr
01051090	25	6	spd	41.3	ocr
01051090	25	6	gruene	1.8	ocr
01051092	24	7	without_certificate	95.7	ocr
01051092	24	7	with_certificate	4.3	ocr
01051092	24	7	number_voters	85.2	ocr
01051092	24	7	invalid_votes	0.5	ocr
01051092	25	7	cdu	46.2	ocr
01051092	25	7	fdp	1.9	ocr
01051092	25	7	gruene	1.9	ocr
01051093	24	8	without_certificate	95.9	ocr
01051093	24	8	with_certificate	4.1	ocr
01051093	24	8	number_voters	83.2	ocr
01051093	24	8	invalid_votes	0.8	ocr
01051093	25	8	cdu	46.1	ocr
01051093	25	8	fdp	1.2	ocr
01051093	25	8	gruene	1.2	ocr
01051096	24	9	without_certificate	94.7	ocr
01051096	24	9	with_certificate	5.3	ocr
01051096	24	9	invalid_votes	0.4	ocr
01051096	25	9	spd	29.7	ocr
01051096	25	9	fdp	3.6	ocr
01051096	25	9	gruene	4.5	ocr
01051097	24	10	without_certificate	93.2	ocr
01051097	24	10	with_certificate	6.8	ocr
01051097	24	10	number_voters	77.1	ocr
01051097	24	10	invalid_votes	0.9	ocr
01051097	25	10	spd	39.1	ocr
01051097	25	10	fdp	3.3	ocr
01051097	25	10	dkp	0.2	ocr
01051097	25	10	gruene	2.3	ocr
01051098	24	11	without_certificate	91.1	ocr
01051098	24	11	with_certificate	8.9	ocr
01051098	24	11	number_voters	81.4	ocr
01051098	25	11	spd	40.5	ocr
01051098	25	11	fdp	0.5	ocr
01051098	25	11	gruene	3.2	ocr
01051099	24	12	without_certificate	94.2	ocr
01051099	24	12	with_certificate	5.8	ocr
01051099	24	12	number_voters	83.8	ocr
01051099	24	12	invalid_votes	0.5	ocr
01051099	25	12	spd	30.5	ocr
01051099	25	12	fdp	3.5	ocr
01051099	25	12	gruene	2.7	ocr
01051100	24	13	without_certificate	94.3	ocr
01051100	24	13	with_certificate	5.7	ocr
01051100	24	13	number_voters	79.9	ocr
01051100	24	13	invalid_votes	0.3	ocr
01051100	25	13	spd	27.2	ocr
01051100	25	13	fdp	0.3	ocr
01051100	25	13	gruene	1.2	ocr
01051102	24	14	without_certificate	93.9	ocr
01051102	24	14	with_certificate	6.1	ocr
01051102	25	14	spd	21.7	ocr
01051102	25	14	gruene	3.3	ocr
01051103	24	15	without_certificate	94.4	ocr
01051103	24	15	with_certificate	5.6	ocr
01051103	24	15	number_voters	80.9	ocr
01051103	24	15	invalid_votes	0.7	ocr
01051103	25	15	spd	39.2	ocr
01051103	25	15	fdp	1.4	ocr
01051103	25	15	dkp	1.4	ocr
01051103	25	15	gruene	3.5	ocr
01051104	24	16	without_certificate	90.3	ocr
01051104	24	16	with_certificate	9.7	ocr
01051104	24	16	number_voters	82.3	ocr
01051104	25	16	spd	13.7	ocr
01051104	25	16	fdp	2.0	ocr
01051104	25	16	gruene	7.8	ocr
01051105	24	17	without_certificate	92.9	ocr
01051105	24	17	with_certificate	7.1	ocr
01051105	24	17	number_voters	77.4	ocr
01051105	25	17	spd	28.9	ocr
01051105	25	17	fdp	4.1	ocr
01051105	25	17	gruene	2.4	ocr
01051107	24	18	without_certificate	92.6	ocr
01051107	24	18	with_certificate	7.4	ocr
01051107	24	18	number_voters	71.8	ocr
01051107	25	18	spd	30.6	ocr
01051107	25	18	fdp	0.5	ocr
01051108	24	19	without_certificate	90.9	ocr
01051108	24	19	with_certificate	9.1	ocr
01051108	24	19	number_voters	85.9	ocr
01051108	25	19	spd	18.8	ocr
01051108	25	19	fdp	2.4	ocr
01051108	25	19	gruene	5.9	ocr
01051109	24	20	without_certificate	92.7	ocr
01051109	24	20	with_certificate	7.3	ocr
01051109	24	20	number_voters	76.8	ocr
01051109	24	20	invalid_votes	0.9	ocr
01051109	25	20	spd	40.4	ocr
01051109	25	20	gruene	3.9	ocr
01051110	24	21	without_certificate	93.4	ocr
01051110	24	21	with_certificate	6.6	ocr
01051110	24	21	invalid_votes	0.2	ocr
01051110	25	21	spd	27.6	ocr
01051110	25	21	fdp	2.7	ocr
01051110	25	21	dkp	0.2	ocr
01051110	25	21	gruene	3.7	ocr
01051111	24	22	without_certificate	93.1	ocr
01051111	24	22	with_certificate	6.9	ocr
01051111	24	22	number_voters	83.5	ocr
01051111	24	22	invalid_votes	0.4	ocr
01051111	25	22	spd	36.7	ocr
01051111	25	22	fdp	3.7	ocr
01051111	25	22	gruene	2.2	ocr
01051113	24	23	without_certificate	93.1	ocr
01051113	24	23	invalid_votes	0.3	ocr
01051113	25	23	fdp	1.3	ocr
01051113	25	23	gruene	1.3	ocr
01051114	24	24	without_certificate	90.8	ocr
01051114	24	24	with_certificate	9.2	ocr
01051114	24	24	number_voters	80.0	ocr
01051114	24	24	invalid_votes	0.1	ocr
01051114	25	24	spd	30.5	ocr
01051114	25	24	fdp	2.6	ocr
01051114	25	24	ssw	0.1	ocr
01051114	25	24	dkp	0.1	ocr
01051114	25	24	gruene	2.4	ocr
01051117	24	25	without_certificate	92.2	ocr
01051117	24	25	number_voters	85.2	ocr
01051117	25	25	spd	18.3	ocr
01051117	25	25	ssw	0.9	ocr
01051117	25	25	dkp	0.9	ocr
01051117	25	25	gruene	1.8	ocr
01051118	26	1	without_certificate	90.4	ocr
01051118	26	1	with_certificate	9.6	ocr
01051118	26	1	number_voters	72.8	ocr
01051118	27	1	cdu	48.9	ocr
01051118	27	1	gruene	1.1	ocr
01051119	26	2	without_certificate	90.5	ocr
01051119	26	2	with_certificate	9.5	ocr
01051119	26	2	number_voters	72.4	ocr
01051119	27	2	spd	23.7	ocr
01051119	27	2	fdp	2.5	ocr
01051119	27	2	gruene	4.2	ocr
01051120	26	3	without_certificate	96.4	ocr
01051120	26	3	with_certificate	3.6	ocr
01051120	26	3	number_voters	78.6	ocr
01051120	27	3	fdp	9.1	ocr
01051121	26	4	without_certificate	83.5	ocr
01051121	26	4	with_certificate	16.5	ocr
01051121	26	4	number_voters	69.4	ocr
01051121	27	4	spd	40.5	ocr
01051121	27	4	fdp	1.2	ocr
01051122	26	5	without_certificate	95.7	ocr
01051122	26	5	with_certificate	4.3	ocr
01051122	26	5	number_voters	80.0	ocr
01051122	26	5	invalid_votes	0.6	ocr
01051122	27	5	spd	41.3	ocr
01051122	27	5	fdp	0.8	ocr
01051122	27	5	dkp	0.1	ocr
01051122	27	5	gruene	2.1	ocr
01051125	26	6	without_certificate	94.3	ocr
01051125	26	6	with_certificate	5.7	ocr
01051125	26	6	number_voters	83.9	ocr
01051125	27	6	spd	26.7	ocr
01051125	27	6	fdp	1.2	ocr
01051125	27	6	ssw	1.2	ocr
01051125	27	6	gruene	3.6	ocr
01051126	26	7	without_certificate	93.8	ocr
01051126	26	7	with_certificate	6.3	ocr
01051126	26	7	number_voters	83.8	ocr
01051126	26	7	invalid_votes	1.5	ocr
01051126	27	7	spd	13.6	ocr
01051126	27	7	gruene	1.5	ocr
01051127	26	8	without_certificate	90.9	ocr
01051127	26	8	with_certificate	9.1	ocr
01051127	26	8	number_voters	74.6	ocr
01051127	26	8	invalid_votes	0.6	ocr
01051127	27	8	spd	43.6	ocr
01051127	27	8	fdp	1.7	ocr
01051127	27	8	dkp	0.2	ocr
01051127	27	8	gruene	2.2	ocr
01051128	26	9	without_certificate	98.3	ocr
01051128	26	9	with_certificate	1.7	ocr
01051128	26	9	number_voters	73.3	ocr
01051128	27	9	spd	27.1	ocr
01051128	27	9	fdp	3.5	ocr
01051128	27	9	gruene	1.2	ocr
01051129	26	10	without_certificate	92.4	ocr
01051129	26	10	with_certificate	7.6	ocr
01051129	26	10	number_voters	77.8	ocr
01051129	27	10	spd	45.5	ocr
01051129	27	10	fdp	0.6	ocr
01051129	27	10	gruene	0.6	ocr
01051130	26	11	without_certificate	94.4	ocr
01051130	26	11	with_certificate	5.6	ocr
01051130	26	11	number_voters	85.6	ocr
01051130	26	11	invalid_votes	0.3	ocr
01051130	27	11	spd	45.7	ocr
01051130	27	11	fdp	1.3	ocr
01051130	27	11	gruene	1.5	ocr
01051131	26	12	without_certificate	97.5	ocr
01051131	26	12	with_certificate	2.5	ocr
01051131	26	12	number_voters	86.1	ocr
01051131	27	12	spd	20.6	ocr
01051131	27	12	fdp	1.5	ocr
01051131	27	12	gruene	2.9	ocr
01051132	26	13	without_certificate	90.7	ocr
01051132	26	13	with_certificate	9.3	ocr
01051132	26	13	number_voters	76.0	ocr
01051132	26	13	invalid_votes	0.7	ocr
01051132	27	13	cdu	43.2	ocr
01051132	27	13	fdp	1.3	ocr
01051132	27	13	gruene	2.6	ocr
01051133	26	14	without_certificate	91.9	ocr
01051133	26	14	with_certificate	8.1	ocr
01051133	26	14	number_voters	83.1	ocr
01051133	27	14	spd	18.4	ocr
01051133	27	14	fdp	1.0	ocr
01051133	27	14	gruene	3.9	ocr
01051134	26	15	without_certificate	96.7	ocr
01051134	26	15	with_certificate	3.3	ocr
01051134	26	15	number_voters	82.2	ocr
01051134	26	15	invalid_votes	0.2	ocr
01051134	27	15	spd	26.2	ocr
01051134	27	15	fdp	0.9	ocr
01051134	27	15	dkp	0.2	ocr
01051134	27	15	gruene	2.1	ocr
01051135	26	16	without_certificate	94.5	ocr
01051135	26	16	with_certificate	5.5	ocr
01051135	26	16	number_voters	80.1	ocr
01051135	27	16	spd	29.8	ocr
01051135	27	16	fdp	1.4	ocr
01051135	27	16	gruene	1.8	ocr
01051136	26	17	without_certificate	93.0	ocr
01051136	26	17	with_certificate	7.0	ocr
01051136	26	17	number_voters	85.6	ocr
01051136	26	17	invalid_votes	0.6	ocr
01051136	27	17	spd	20.9	ocr
01051136	27	17	fdp	3.1	ocr
01051136	27	17	gruene	1.1	ocr
01051137	26	18	without_certificate	96.2	ocr
01051137	26	18	with_certificate	3.8	ocr
01051137	26	18	invalid_votes	1.2	ocr
01051137	27	18	spd	34.0	ocr
01051137	27	18	fdp	1.7	ocr
01051137	27	18	gruene	2.4	ocr
01051138	26	19	without_certificate	96.4	ocr
01051138	26	19	with_certificate	3.6	ocr
01051138	26	19	number_voters	84.5	ocr
01051138	27	19	spd	25.4	ocr
01051138	27	19	gruene	2.0	visual
01051139	26	20	without_certificate	94.0	ocr
01051139	26	20	with_certificate	6.0	ocr
01051139	26	20	number_voters	83.3	ocr
01051139	27	20	spd	9.8	ocr
01051139	27	20	gruene	1.3	ocr
01051140	26	21	without_certificate	94.1	ocr
01051140	26	21	with_certificate	5.9	ocr
01051140	26	21	number_voters	81.4	ocr
01051140	26	21	invalid_votes	1.0	ocr
01051140	27	21	spd	31.6	ocr
01051140	27	21	fdp	2.1	ocr
01051140	27	21	gruene	2.1	ocr
01053001	28	1	without_certificate	94.2	ocr
01053001	28	1	with_certificate	5.8	ocr
01053001	28	1	number_voters	80.8	ocr
01053001	29	1	spd	23.8	ocr
01053001	29	1	fdp	4.8	ocr
01053001	29	1	gruene	9.5	ocr
01053002	28	2	without_certificate	87.3	ocr
01053002	28	2	with_certificate	12.7	ocr
01053002	28	2	number_voters	79.0	ocr
01053002	29	2	spd	35.6	ocr
01053002	29	2	fdp	1.9	ocr
01053002	29	2	gruene	2.5	ocr
01053003	28	3	without_certificate	83.1	ocr
01053003	28	3	with_certificate	16.9	ocr
01053003	28	3	number_voters	73.2	ocr
01053003	28	3	invalid_votes	0.4	ocr
01053003	29	3	spd	31.5	ocr
01053003	29	3	fdp	2.9	ocr
01053003	29	3	gruene	5.2	ocr
01053004	28	4	without_certificate	90.2	ocr
01053004	28	4	with_certificate	9.8	ocr
01053004	28	4	number_voters	79.0	ocr
01053004	28	4	invalid_votes	0.2	ocr
01053004	29	4	spd	27.5	ocr
01053004	29	4	fdp	2.2	ocr
01053004	29	4	gruene	3.9	ocr
01053005	28	5	without_certificate	92.1	ocr
01053005	28	5	with_certificate	7.9	ocr
01053005	28	5	number_voters	87.9	ocr
01053005	29	5	spd	24.4	ocr
01053005	29	5	fdp	1.6	ocr
01053005	29	5	gruene	2.4	ocr
01053006	28	6	without_certificate	94.0	ocr
01053006	28	6	with_certificate	6.0	ocr
01053006	28	6	number_voters	81.6	ocr
01053006	28	6	invalid_votes	0.5	ocr
01053006	29	6	spd	37.9	visual
01053006	29	6	fdp	1.5	ocr
01053006	29	6	gruene	3.0	ocr
01053007	28	7	without_certificate	96.5	ocr
01053007	28	7	with_certificate	3.5	ocr
01053007	28	7	number_voters	83.5	visual
01053007	29	7	spd	29.5	ocr
01053007	29	7	fdp	1.4	ocr
01053007	29	7	gruene	4.1	ocr
01053008	28	8	without_certificate	92.0	ocr
01053008	28	8	with_certificate	8.0	ocr
01053008	28	8	number_voters	79.8	ocr
01053008	29	8	spd	25.7	ocr
01053008	29	8	fdp	0.5	ocr
01053008	29	8	gruene	6.2	ocr
01053009	28	9	without_certificate	86.3	ocr
01053009	28	9	with_certificate	13.7	ocr
01053009	28	9	number_voters	81.4	ocr
01053009	28	9	invalid_votes	0.7	ocr
01053009	29	9	spd	41.8	ocr
01053009	29	9	fdp	1.5	ocr
01053009	29	9	dkp	0.1	ocr
01053009	29	9	gruene	4.0	ocr
01053010	28	10	without_certificate	96.9	ocr
01053010	28	10	with_certificate	3.1	ocr
01053010	28	10	number_voters	93.8	ocr
01053010	29	10	spd	27.9	ocr
01053010	29	10	fdp	1.6	ocr
01053011	28	11	without_certificate	90.5	ocr
01053011	28	11	with_certificate	9.5	ocr
01053011	29	11	cdu	39.0	ocr
01053011	29	11	fdp	1.9	ocr
01053011	29	11	gruene	7.0	ocr
01053012	28	12	with_certificate	8.1	ocr
01053012	28	12	number_voters	79.1	ocr
01053012	28	12	invalid_votes	0.3	ocr
01053012	29	12	cdu	44.9	ocr
01053012	29	12	fdp	2.2	ocr
01053012	29	12	dkp	0.1	ocr
01053012	29	12	gruene	4.4	ocr
01053013	28	13	without_certificate	96.0	ocr
01053013	28	13	with_certificate	4.0	ocr
01053013	28	13	number_voters	89.9	ocr
01053013	29	13	spd	33.7	ocr
01053013	29	13	fdp	0.6	ocr
01053013	29	13	dkp	1.1	ocr
01053013	29	13	gruene	4.5	ocr
01053014	28	14	without_certificate	91.5	ocr
01053014	28	14	with_certificate	8.5	ocr
01053014	28	14	number_voters	81.8	ocr
01053014	28	14	invalid_votes	0.5	ocr
01053014	29	14	spd	43.8	ocr
01053014	29	14	fdp	1.8	ocr
01053014	29	14	dkp	0.1	ocr
01053014	29	14	gruene	3.2	ocr
01053015	28	15	without_certificate	96.5	ocr
01053015	28	15	with_certificate	3.5	ocr
01053015	28	15	number_voters	86.1	ocr
01053015	29	15	spd	43.0	ocr
01053015	29	15	fdp	2.0	ocr
01053015	29	15	gruene	4.0	ocr
01053016	28	16	without_certificate	95.7	ocr
01053016	28	16	with_certificate	4.3	ocr
01053016	28	16	number_voters	92.8	ocr
01053016	29	16	spd	48.4	ocr
01053016	29	16	gruene	1.6	ocr
01053017	28	17	without_certificate	96.7	ocr
01053017	28	17	with_certificate	3.3	ocr
01053017	28	17	number_voters	79.4	ocr
01053017	29	17	spd	31.7	ocr
01053017	29	17	fdp	1.9	ocr
01053017	29	17	dkp	0.3	ocr
01053017	29	17	gruene	4.2	ocr
01053018	28	18	without_certificate	88.8	ocr
01053018	28	18	with_certificate	11.2	ocr
01053018	28	18	number_voters	82.2	ocr
01053018	29	18	spd	28.8	ocr
01053018	29	18	fdp	7.2	ocr
01053018	29	18	gruene	8.8	ocr
01053019	28	19	without_certificate	96.6	ocr
01053019	28	19	with_certificate	3.4	ocr
01053019	28	19	number_voters	89.2	ocr
01053019	28	19	invalid_votes	0.8	visual
01053019	29	19	spd	42.7	ocr
01053019	29	19	fdp	0.8	ocr
01053019	29	19	gruene	2.3	ocr
01053020	28	20	without_certificate	93.4	ocr
01053020	28	20	with_certificate	6.6	ocr
01053020	28	20	number_voters	79.0	ocr
01053020	28	20	invalid_votes	0.3	visual
01053020	29	20	spd	46.4	ocr
01053020	29	20	fdp	1.8	ocr
01053020	29	20	dkp	0.1	ocr
01053020	29	20	gruene	2.3	ocr
01053021	28	21	without_certificate	96.6	ocr
01053021	28	21	with_certificate	3.4	ocr
01053021	28	21	number_voters	96.6	ocr
01053021	28	21	invalid_votes	1.8	ocr
01053021	29	21	spd	18.2	ocr
01053021	29	21	fdp	3.6	ocr
01053021	29	21	gruene	3.6	ocr
01053022	28	22	without_certificate	95.4	ocr
01053022	28	22	with_certificate	4.6	ocr
01053022	28	22	number_voters	85.1	ocr
01053022	29	22	spd	37.6	ocr
01053022	29	22	fdp	2.4	ocr
01053022	29	22	gruene	4.8	ocr
01053023	28	23	without_certificate	91.5	ocr
01053023	28	23	with_certificate	8.5	ocr
01053023	28	23	number_voters	79.5	ocr
01053023	28	23	invalid_votes	0.7	ocr
01053023	29	23	spd	37.4	ocr
01053023	29	23	fdp	3.1	ocr
01053023	29	23	dkp	0.3	ocr
01053023	29	23	gruene	4.5	ocr
01053024	28	24	without_certificate	89.0	ocr
01053024	28	24	with_certificate	11.0	ocr
01053024	28	24	number_voters	85.3	ocr
01053024	29	24	spd	45.2	ocr
01053024	29	24	fdp	3.2	ocr
01053024	29	24	dkp	2.2	ocr
01053024	29	24	gruene	2.2	ocr
01053025	28	25	without_certificate	93.5	ocr
01053025	28	25	with_certificate	6.5	ocr
01053025	28	25	number_voters	78.3	ocr
01053025	28	25	invalid_votes	0.8	ocr
01053025	29	25	spd	35.1	ocr
01053025	29	25	fdp	3.4	ocr
01053026	30	1	without_certificate	97.5	ocr
01053026	30	1	with_certificate	2.5	ocr
01053026	30	1	number_voters	85.7	ocr
01053026	31	1	spd	36.9	ocr
01053026	31	1	fdp	5.9	ocr
01053026	31	1	dkp	0.5	ocr
01053026	31	1	gruene	3.4	ocr
01053027	30	2	without_certificate	94.6	ocr
01053027	30	2	with_certificate	5.4	ocr
01053027	30	2	number_voters	82.0	ocr
01053027	31	2	spd	37.9	ocr
01053027	31	2	fdp	1.1	ocr
01053027	31	2	gruene	2.7	ocr
01053028	30	3	without_certificate	92.5	ocr
01053028	30	3	with_certificate	7.5	ocr
01053028	30	3	number_voters	81.8	ocr
01053028	30	3	invalid_votes	0.6	ocr
01053028	31	3	spd	41.0	ocr
01053028	31	3	fdp	3.1	ocr
01053028	31	3	gruene	6.6	ocr
01053029	30	4	without_certificate	96.4	ocr
01053029	30	4	with_certificate	3.6	ocr
01053029	30	4	number_voters	90.3	ocr
01053029	31	4	spd	40.3	ocr
01053030	30	5	without_certificate	97.4	ocr
01053030	30	5	with_certificate	2.6	ocr
01053030	30	5	number_voters	84.6	ocr
01053030	31	5	spd	15.2	ocr
01053030	31	5	gruene	3.0	ocr
01053031	30	6	without_certificate	93.2	ocr
01053031	30	6	with_certificate	6.8	ocr
01053031	30	6	number_voters	79.7	ocr
01053031	31	6	spd	32.7	ocr
01053031	31	6	fdp	2.4	ocr
01053031	31	6	gruene	3.0	ocr
01053032	30	7	without_certificate	93.6	ocr
01053032	30	7	with_certificate	6.4	ocr
01053032	30	7	number_voters	77.0	ocr
01053032	30	7	invalid_votes	0.2	ocr
01053032	31	7	cdu	44.0	ocr
01053032	31	7	fdp	1.6	ocr
01053032	31	7	dkp	0.2	ocr
01053032	31	7	gruene	4.6	ocr
01053033	30	8	without_certificate	95.4	ocr
01053033	30	8	with_certificate	4.6	ocr
01053033	30	8	number_voters	84.6	ocr
01053033	31	8	spd	18.2	ocr
01053033	31	8	fdp	1.8	ocr
01053033	31	8	gruene	1.8	ocr
01053034	30	9	without_certificate	97.6	ocr
01053034	30	9	with_certificate	2.4	ocr
01053034	30	9	number_voters	90.4	ocr
01053034	31	9	spd	43.4	ocr
01053034	31	9	fdp	0.9	ocr
01053034	31	9	gruene	0.9	ocr
01053035	30	10	without_certificate	97.1	ocr
01053035	30	10	with_certificate	2.9	ocr
01053035	30	10	number_voters	97.1	ocr
01053035	30	10	invalid_votes	3.0	ocr
01053035	31	10	spd	25.0	ocr
01053035	31	10	gruene	3.1	ocr
01053036	30	11	without_certificate	97.2	ocr
01053036	30	11	with_certificate	2.8	ocr
01053036	31	11	spd	27.5	ocr
01053036	31	11	fdp	0.7	ocr
01053036	31	11	gruene	1.3	ocr
01053037	30	12	without_certificate	97.3	ocr
01053037	30	12	with_certificate	2.7	ocr
01053037	30	12	number_voters	86.3	ocr
01053037	30	12	invalid_votes	0.9	ocr
01053037	31	12	spd	35.1	ocr
01053037	31	12	fdp	3.1	ocr
01053037	31	12	gruene	4.4	ocr
01053038	30	13	with_certificate	10.0	ocr
01053038	30	13	number_voters	77.8	ocr
01053038	31	13	spd	42.1	ocr
01053038	31	13	fdp	0.7	ocr
01053038	31	13	gruene	4.3	ocr
01053039	30	14	without_certificate	95.5	ocr
01053039	30	14	with_certificate	4.5	ocr
01053039	30	14	number_voters	76.9	ocr
01053039	31	14	spd	45.6	ocr
01053039	31	14	fdp	1.9	ocr
01053039	31	14	gruene	3.9	ocr
01053040	30	15	number_voters	89.4	ocr
01053040	31	15	spd	22.0	ocr
01053040	31	15	fdp	5.1	ocr
01053040	31	15	gruene	1.7	ocr
01053041	30	16	without_certificate	90.9	ocr
01053041	30	16	with_certificate	9.1	ocr
01053041	30	16	number_voters	79.8	ocr
01053041	30	16	invalid_votes	0.3	ocr
01053041	31	16	spd	37.0	ocr
01053041	31	16	fdp	3.8	ocr
01053041	31	16	gruene	3.4	ocr
01053042	30	17	without_certificate	91.8	ocr
01053042	30	17	with_certificate	8.2	ocr
01053042	30	17	number_voters	78.4	ocr
01053042	31	17	spd	28.9	ocr
01053042	31	17	fdp	1.3	ocr
01053042	31	17	dkp	1.3	ocr
01053043	30	18	without_certificate	91.6	ocr
01053043	30	18	with_certificate	8.4	ocr
01053043	30	18	invalid_votes	0.2	ocr
01053043	31	18	spd	37.4	ocr
01053043	31	18	fdp	3.2	ocr
01053043	31	18	gruene	5.2	ocr
01053044	30	19	without_certificate	95.9	ocr
01053044	30	19	with_certificate	4.1	ocr
01053044	30	19	number_voters	82.1	ocr
01053044	30	19	invalid_votes	0.4	ocr
01053044	31	19	spd	42.0	ocr
01053044	31	19	gruene	5.5	ocr
01053045	30	20	without_certificate	97.5	ocr
01053045	30	20	with_certificate	2.5	ocr
01053045	30	20	number_voters	92.0	ocr
01053045	31	20	spd	37.6	ocr
01053046	30	21	without_certificate	95.2	ocr
01053046	30	21	with_certificate	4.8	ocr
01053046	30	21	number_voters	82.5	ocr
01053046	30	21	invalid_votes	0.2	ocr
01053046	31	21	spd	36.5	ocr
01053046	31	21	fdp	2.6	ocr
01053046	31	21	dkp	0.2	ocr
01053046	31	21	gruene	2.2	ocr
01053047	30	22	without_certificate	94.9	ocr
01053047	30	22	with_certificate	5.1	ocr
01053047	30	22	number_voters	83.0	ocr
01053047	30	22	invalid_votes	0.5	ocr
01053047	31	22	cdu	44.6	ocr
01053047	31	22	fdp	1.4	ocr
01053047	31	22	gruene	2.2	ocr
01053048	30	23	without_certificate	93.5	ocr
01053048	30	23	with_certificate	6.5	ocr
01053048	30	23	number_voters	85.2	ocr
01053048	31	23	spd	45.8	ocr
01053048	31	23	fdp	0.8	ocr
01053048	31	23	gruene	1.4	ocr
01053049	30	24	without_certificate	94.3	ocr
01053049	30	24	with_certificate	5.7	ocr
01053049	30	24	number_voters	83.1	ocr
01053049	31	24	spd	38.2	ocr
01053049	31	24	fdp	3.7	ocr
01053049	31	24	gruene	4.1	ocr
01053050	30	25	without_certificate	95.6	ocr
01053050	30	25	with_certificate	4.4	ocr
01053050	30	25	invalid_votes	0.2	ocr
01053050	31	25	spd	44.5	ocr
01053050	31	25	fdp	1.6	ocr
01053050	31	25	gruene	2.1	ocr
01053051	32	1	without_certificate	91.2	ocr
01053051	32	1	with_certificate	8.8	ocr
01053051	32	1	number_voters	81.4	ocr
01053051	33	1	spd	43.4	ocr
01053051	33	1	fdp	0.6	ocr
01053051	33	1	gruene	0.6	ocr
01053052	32	2	without_certificate	93.0	ocr
01053052	32	2	with_certificate	7.0	ocr
01053052	32	2	number_voters	81.0	ocr
01053052	32	2	invalid_votes	1.2	ocr
01053052	33	2	spd	12.5	ocr
01053052	33	2	fdp	2.5	ocr
01053052	33	2	gruene	2.5	ocr
01053053	32	3	without_certificate	93.0	ocr
01053053	32	3	with_certificate	7.0	ocr
01053053	32	3	number_voters	83.3	ocr
01053053	33	3	spd	34.8	ocr
01053053	33	3	fdp	1.2	ocr
01053053	33	3	gruene	0.8	ocr
01053054	32	4	without_certificate	91.3	ocr
01053054	32	4	with_certificate	8.7	ocr
01053054	32	4	number_voters	80.0	visual
01053054	32	4	invalid_votes	0.4	ocr
01053054	33	4	spd	47.3	ocr
01053054	33	4	fdp	1.3	ocr
01053054	33	4	gruene	1.7	ocr
01053056	32	5	without_certificate	94.5	ocr
01053056	32	5	with_certificate	5.5	ocr
01053056	33	5	spd	40.2	ocr
01053056	33	5	gruene	2.9	ocr
01053057	32	6	without_certificate	93.4	ocr
01053057	32	6	with_certificate	6.6	ocr
01053057	32	6	number_voters	86.9	ocr
01053057	33	6	cdu	48.2	ocr
01053057	33	6	dkp	0.5	ocr
01053057	33	6	gruene	1.5	ocr
01053058	32	7	without_certificate	95.2	ocr
01053058	32	7	with_certificate	4.8	ocr
01053058	32	7	number_voters	83.8	ocr
01053058	33	7	spd	14.8	ocr
01053058	33	7	dkp	1.1	ocr
01053058	33	7	gruene	5.7	ocr
01053059	32	8	without_certificate	95.6	ocr
01053059	32	8	with_certificate	4.4	ocr
01053059	32	8	number_voters	90.5	ocr
01053059	32	8	invalid_votes	1.6	ocr
01053059	33	8	spd	47.5	ocr
01053059	33	8	fdp	1.6	ocr
01053059	33	8	gruene	2.5	ocr
01053060	32	9	without_certificate	95.8	visual
01053060	32	9	with_certificate	4.3	ocr
01053060	32	9	number_voters	83.5	visual
01053060	32	9	invalid_votes	0.3	ocr
01053060	33	9	spd	29.1	ocr
01053060	33	9	fdp	1.8	ocr
01053060	33	9	dkp	0.3	ocr
01053060	33	9	gruene	5.7	ocr
01053061	32	10	without_certificate	92.7	ocr
01053061	32	10	with_certificate	7.3	ocr
01053061	32	10	number_voters	75.0	ocr
01053061	33	10	spd	40.1	ocr
01053061	33	10	fdp	1.2	ocr
01053061	33	10	gruene	2.1	ocr
01053062	32	11	without_certificate	94.9	ocr
01053062	32	11	with_certificate	5.1	ocr
01053062	32	11	number_voters	84.2	ocr
01053062	33	11	spd	38.2	ocr
01053062	33	11	fdp	1.8	ocr
01053062	33	11	gruene	1.2	ocr
01053064	32	12	without_certificate	92.4	ocr
01053064	32	12	with_certificate	7.6	ocr
01053064	32	12	number_voters	83.5	ocr
01053064	32	12	invalid_votes	1.6	ocr
01053064	33	12	spd	46.5	ocr
01053064	33	12	fdp	1.3	ocr
01053064	33	12	dkp	1.0	ocr
01053064	33	12	gruene	2.9	ocr
01053066	32	13	without_certificate	91.1	ocr
01053066	32	13	with_certificate	8.9	ocr
01053066	32	13	invalid_votes	0.6	ocr
01053066	33	13	spd	39.8	ocr
01053066	33	13	fdp	3.6	ocr
01053066	33	13	gruene	4.2	ocr
01053067	32	14	without_certificate	95.1	ocr
01053067	32	14	with_certificate	4.9	ocr
01053067	32	14	number_voters	84.5	ocr
01053067	32	14	invalid_votes	0.3	ocr
01053067	33	14	spd	41.1	ocr
01053067	33	14	fdp	1.1	ocr
01053067	33	14	dkp	0.3	ocr
01053067	33	14	gruene	3.1	ocr
01053068	32	15	without_certificate	96.0	ocr
01053068	32	15	with_certificate	4.0	ocr
01053068	32	15	number_voters	81.2	ocr
01053068	33	15	spd	33.5	ocr
01053068	33	15	fdp	0.8	ocr
01053068	33	15	gruene	3.0	ocr
01053069	32	16	without_certificate	92.8	ocr
01053069	32	16	with_certificate	7.2	ocr
01053069	32	16	number_voters	77.3	ocr
01053069	32	16	invalid_votes	0.4	visual
01053069	33	16	spd	43.7	ocr
01053069	33	16	fdp	1.9	ocr
01053069	33	16	gruene	3.0	ocr
01053070	32	17	without_certificate	91.9	ocr
01053070	32	17	with_certificate	8.1	ocr
01053070	33	17	spd	44.0	ocr
01053070	33	17	fdp	3.7	ocr
01053070	33	17	gruene	3.7	ocr
01053071	32	18	without_certificate	92.6	ocr
01053071	32	18	with_certificate	7.4	ocr
01053071	32	18	number_voters	79.7	ocr
01053071	33	18	spd	33.7	ocr
01053071	33	18	fdp	4.1	ocr
01053071	33	18	gruene	6.9	ocr
01053072	32	19	without_certificate	91.0	ocr
01053072	32	19	with_certificate	9.0	ocr
01053072	32	19	number_voters	83.8	ocr
01053072	32	19	invalid_votes	0.6	ocr
01053072	33	19	spd	41.8	ocr
01053072	33	19	fdp	1.1	ocr
01053072	33	19	dkp	0.2	ocr
01053072	33	19	gruene	4.8	ocr
01053073	32	20	without_certificate	95.0	ocr
01053073	32	20	with_certificate	5.0	ocr
01053073	32	20	number_voters	84.5	ocr
01053073	32	20	invalid_votes	0.5	ocr
01053073	33	20	spd	26.6	ocr
01053073	33	20	fdp	1.6	ocr
01053073	33	20	gruene	4.9	ocr
01053074	32	21	without_certificate	94.7	ocr
01053074	32	21	with_certificate	5.3	ocr
01053074	32	21	number_voters	85.5	ocr
01053074	33	21	spd	21.4	ocr
01053074	33	21	fdp	8.0	ocr
01053074	33	21	dkp	1.8	ocr
01053074	33	21	gruene	0.9	ocr
01053075	32	22	without_certificate	95.8	ocr
01053075	32	22	with_certificate	4.2	ocr
01053075	32	22	number_voters	84.0	ocr
01053075	32	22	invalid_votes	0.2	ocr
01053075	33	22	spd	45.7	ocr
01053075	33	22	fdp	1.6	ocr
01053075	33	22	gruene	2.4	ocr
01053076	32	23	without_certificate	91.0	ocr
01053076	32	23	with_certificate	9.0	ocr
01053076	32	23	number_voters	81.2	ocr
01053076	32	23	invalid_votes	0.5	ocr
01053076	33	23	spd	30.4	ocr
01053076	33	23	fdp	4.0	ocr
01053076	33	23	gruene	7.5	ocr
01053077	32	24	without_certificate	97.8	ocr
01053077	32	24	with_certificate	2.2	ocr
01053077	32	24	number_voters	85.3	ocr
01053077	33	24	cdu	45.5	ocr
01053077	33	24	gruene	2.0	ocr
01053078	32	25	without_certificate	95.3	ocr
01053078	32	25	with_certificate	4.7	ocr
01053078	32	25	number_voters	85.9	ocr
01053078	33	25	spd	24.5	ocr
01053078	33	25	fdp	5.5	ocr
01053078	33	25	gruene	12.7	ocr
01053079	34	1	without_certificate	92.5	ocr
01053079	34	1	with_certificate	7.5	ocr
01053079	34	1	number_voters	85.6	ocr
01053079	34	1	invalid_votes	0.6	ocr
01053079	35	1	spd	37.9	ocr
01053079	35	1	fdp	2.1	ocr
01053079	35	1	gruene	5.2	ocr
01053080	34	2	without_certificate	85.4	ocr
01053080	34	2	with_certificate	14.6	ocr
01053080	34	2	number_voters	65.2	ocr
01053080	35	2	spd	32.8	ocr
01053080	35	2	fdp	5.2	ocr
01053080	35	2	gruene	3.4	ocr
01053081	34	3	without_certificate	92.1	ocr
01053081	34	3	with_certificate	7.9	ocr
01053081	34	3	number_voters	76.7	ocr
01053081	35	3	spd	36.1	ocr
01053081	35	3	fdp	1.5	ocr
01053081	35	3	dkp	0.4	ocr
01053081	35	3	gruene	8.0	ocr
01053082	34	4	without_certificate	96.9	ocr
01053082	34	4	with_certificate	3.1	ocr
01053082	35	4	spd	29.1	ocr
01053082	35	4	fdp	2.6	ocr
01053082	35	4	dkp	0.9	ocr
01053082	35	4	gruene	1.7	ocr
01053083	34	5	without_certificate	92.8	ocr
01053083	34	5	with_certificate	7.2	ocr
01053083	34	5	number_voters	75.9	ocr
01053083	34	5	invalid_votes	0.3	ocr
01053083	35	5	cdu	45.9	ocr
01053083	35	5	fdp	1.1	ocr
01053083	35	5	dkp	0.2	ocr
01053083	35	5	gruene	3.0	ocr
01053084	34	6	without_certificate	91.4	ocr
01053084	34	6	with_certificate	8.6	ocr
01053084	34	6	number_voters	85.4	ocr
01053084	35	6	spd	31.6	ocr
01053084	35	6	fdp	0.9	ocr
01053084	35	6	gruene	3.1	ocr
01053085	34	7	without_certificate	94.8	ocr
01053085	34	7	with_certificate	5.2	ocr
01053085	34	7	number_voters	80.7	ocr
01053085	34	7	invalid_votes	0.4	ocr
01053085	35	7	spd	35.5	ocr
01053085	35	7	fdp	2.8	ocr
01053085	35	7	dkp	0.4	ocr
01053085	35	7	gruene	4.2	ocr
01053086	34	8	without_certificate	96.2	ocr
01053086	34	8	with_certificate	3.8	ocr
01053086	34	8	number_voters	78.5	ocr
01053086	35	8	spd	31.4	ocr
01053086	35	8	fdp	2.0	ocr
01053086	35	8	gruene	4.9	ocr
01053087	34	9	without_certificate	94.9	ocr
01053087	34	9	with_certificate	5.1	ocr
01053087	34	9	number_voters	88.4	ocr
01053087	35	9	spd	38.1	ocr
01053087	35	9	fdp	1.0	ocr
01053087	35	9	gruene	2.0	ocr
01053088	34	10	without_certificate	95.7	ocr
01053088	34	10	with_certificate	4.3	ocr
01053088	34	10	number_voters	89.9	ocr
01053088	35	10	spd	38.7	ocr
01053089	34	11	without_certificate	96.1	ocr
01053089	34	11	with_certificate	3.9	ocr
01053089	34	11	number_voters	82.6	ocr
01053089	35	11	spd	27.9	ocr
01053089	35	11	fdp	2.2	ocr
01053089	35	11	gruene	4.7	ocr
01053090	34	12	without_certificate	91.5	ocr
01053090	34	12	with_certificate	8.5	ocr
01053090	34	12	number_voters	75.8	ocr
01053090	34	12	invalid_votes	0.4	ocr
01053090	35	12	spd	42.3	ocr
01053090	35	12	fdp	1.9	ocr
01053090	35	12	dkp	0.1	ocr
01053090	35	12	gruene	2.6	ocr
01053091	34	13	without_certificate	97.8	ocr
01053091	34	13	with_certificate	2.2	ocr
01053091	34	13	number_voters	82.8	ocr
01053091	35	13	spd	30.6	ocr
01053091	35	13	fdp	1.8	ocr
01053091	35	13	gruene	2.7	ocr
01053092	34	14	without_certificate	93.9	ocr
01053092	34	14	with_certificate	6.1	ocr
01053092	34	14	number_voters	86.0	ocr
01053092	34	14	invalid_votes	0.2	ocr
01053092	35	14	spd	37.7	ocr
01053092	35	14	fdp	1.3	ocr
01053092	35	14	dkp	0.4	ocr
01053092	35	14	gruene	2.4	ocr
01053093	34	15	without_certificate	91.7	ocr
01053093	34	15	with_certificate	8.3	ocr
01053093	34	15	number_voters	79.1	ocr
01053093	34	15	invalid_votes	0.3	ocr
01053093	35	15	spd	37.5	ocr
01053093	35	15	fdp	2.0	ocr
01053093	35	15	gruene	1.7	ocr
01053094	34	16	without_certificate	93.7	ocr
01053094	34	16	with_certificate	6.3	ocr
01053094	34	16	number_voters	76.8	ocr
01053094	35	16	spd	35.6	ocr
01053094	35	16	gruene	5.5	ocr
01053095	34	17	without_certificate	90.3	ocr
01053095	34	17	with_certificate	9.7	ocr
01053095	34	17	number_voters	78.2	ocr
01053095	35	17	spd	40.0	ocr
01053095	35	17	fdp	1.4	ocr
01053095	35	17	gruene	1.7	ocr
01053096	34	18	without_certificate	93.1	ocr
01053096	34	18	with_certificate	6.9	ocr
01053096	34	18	number_voters	81.5	ocr
01053096	34	18	invalid_votes	0.4	ocr
01053096	35	18	spd	45.8	ocr
01053096	35	18	fdp	1.5	ocr
01053096	35	18	gruene	3.3	ocr
01053097	34	19	without_certificate	95.0	ocr
01053097	34	19	with_certificate	5.0	ocr
01053097	34	19	number_voters	77.2	ocr
01053097	35	19	spd	38.3	ocr
01053097	35	19	fdp	0.4	ocr
01053097	35	19	gruene	3.4	ocr
01053098	34	20	without_certificate	88.2	ocr
01053098	34	20	with_certificate	11.8	ocr
01053098	34	20	number_voters	77.6	ocr
01053098	34	20	invalid_votes	0.5	ocr
01053098	35	20	spd	30.5	ocr
01053098	35	20	fdp	2.9	ocr
01053098	35	20	dkp	0.5	ocr
01053098	35	20	gruene	1.9	ocr
01053099	34	21	without_certificate	95.7	ocr
01053099	34	21	with_certificate	4.3	ocr
01053099	34	21	number_voters	81.9	ocr
01053099	35	21	spd	39.6	ocr
01053099	35	21	fdp	2.6	ocr
01053099	35	21	gruene	5.2	ocr
01053100	34	22	without_certificate	90.3	ocr
01053100	34	22	with_certificate	9.7	ocr
01053100	34	22	number_voters	75.3	ocr
01053100	34	22	invalid_votes	0.4	ocr
01053100	35	22	spd	37.0	ocr
01053100	35	22	fdp	2.9	ocr
01053100	35	22	dkp	0.1	ocr
01053100	35	22	gruene	3.4	ocr
01053101	34	23	without_certificate	97.1	ocr
01053101	34	23	with_certificate	2.9	ocr
01053101	34	23	number_voters	80.2	ocr
01053101	35	23	cdu	46.4	ocr
01053101	35	23	gruene	5.8	ocr
01053102	34	24	without_certificate	86.7	ocr
01053102	34	24	with_certificate	13.3	ocr
01053102	34	24	number_voters	80.0	ocr
01053102	35	24	spd	11.1	ocr
01053102	35	24	fdp	2.8	ocr
01053102	35	24	gruene	2.8	ocr
01053103	34	25	without_certificate	96.0	ocr
01053103	34	25	with_certificate	4.0	ocr
01053103	34	25	number_voters	84.0	ocr
01053103	35	25	cdu	44.7	ocr
01053103	35	25	fdp	1.8	ocr
01053103	35	25	gruene	1.5	ocr
01053104	36	1	without_certificate	93.1	ocr
01053104	36	1	with_certificate	6.9	ocr
01053104	36	1	number_voters	85.8	ocr
01053104	36	1	invalid_votes	1.5	ocr
01053104	37	1	spd	44.0	ocr
01053104	37	1	fdp	0.7	ocr
01053104	37	1	gruene	3.7	ocr
01053106	36	2	without_certificate	96.8	ocr
01053106	36	2	with_certificate	3.2	ocr
01053106	36	2	number_voters	88.7	ocr
01053106	37	2	spd	27.9	ocr
01053106	37	2	fdp	0.5	ocr
01053106	37	2	dkp	0.5	ocr
01053106	37	2	gruene	1.5	ocr
01053107	36	3	without_certificate	89.6	ocr
01053107	36	3	with_certificate	10.4	ocr
01053107	36	3	number_voters	80.6	ocr
01053107	37	3	spd	32.0	ocr
01053107	37	3	fdp	1.0	ocr
01053107	37	3	gruene	2.6	ocr
01053108	36	4	without_certificate	94.6	ocr
01053108	36	4	number_voters	82.4	ocr
01053108	36	4	invalid_votes	0.5	visual
01053108	37	4	spd	38.5	ocr
01053108	37	4	fdp	2.7	ocr
01053108	37	4	dkp	0.3	ocr
01053108	37	4	gruene	3.4	ocr
01053109	36	5	without_certificate	96.9	ocr
01053109	36	5	with_certificate	3.1	ocr
01053109	36	5	number_voters	70.0	ocr
01053109	37	5	spd	31.0	ocr
01053109	37	5	fdp	1.3	ocr
01053109	37	5	gruene	6.2	ocr
01053110	36	6	without_certificate	92.0	ocr
01053110	36	6	with_certificate	8.0	ocr
01053110	36	6	number_voters	79.8	ocr
01053110	36	6	invalid_votes	1.0	visual
01053110	37	6	spd	30.7	ocr
01053110	37	6	fdp	2.3	ocr
01053110	37	6	dkp	0.5	ocr
01053110	37	6	gruene	1.6	ocr
01053111	36	7	without_certificate	95.3	ocr
01053111	36	7	with_certificate	4.7	ocr
01053111	36	7	number_voters	79.3	ocr
01053111	36	7	invalid_votes	0.9	ocr
01053111	37	7	cdu	40.5	ocr
01053111	37	7	fdp	2.4	ocr
01053111	37	7	gruene	3.6	ocr
01053112	36	8	without_certificate	95.1	ocr
01053112	36	8	with_certificate	4.9	ocr
01053112	36	8	number_voters	84.2	ocr
01053112	36	8	invalid_votes	0.7	ocr
01053112	37	8	spd	38.5	ocr
01053112	37	8	fdp	1.4	ocr
01053112	37	8	gruene	4.1	ocr
01053113	36	9	without_certificate	90.7	ocr
01053113	36	9	with_certificate	9.3	ocr
01053113	36	9	number_voters	79.2	ocr
01053113	36	9	invalid_votes	0.4	ocr
01053113	37	9	spd	41.3	ocr
01053113	37	9	fdp	1.6	ocr
01053113	37	9	gruene	2.4	ocr
01053114	36	10	without_certificate	96.5	ocr
01053114	36	10	with_certificate	3.5	ocr
01053114	36	10	number_voters	87.8	ocr
01053114	37	10	spd	30.7	ocr
01053114	37	10	gruene	12.9	ocr
01053115	36	11	without_certificate	93.2	ocr
01053115	36	11	with_certificate	6.8	ocr
01053115	36	11	number_voters	84.4	ocr
01053115	37	11	spd	28.0	ocr
01053115	37	11	gruene	4.7	ocr
01053116	36	12	without_certificate	92.1	ocr
01053116	36	12	with_certificate	7.9	ocr
01053116	36	12	number_voters	76.2	ocr
01053116	36	12	invalid_votes	0.3	ocr
01053116	37	12	spd	44.3	ocr
01053116	37	12	fdp	2.3	ocr
01053116	37	12	dkp	0.1	ocr
01053116	37	12	gruene	3.4	ocr
01053117	36	13	without_certificate	92.3	ocr
01053117	36	13	with_certificate	7.7	ocr
01053117	36	13	number_voters	79.3	ocr
01053117	36	13	invalid_votes	0.6	ocr
01053117	37	13	spd	41.6	ocr
01053117	37	13	fdp	1.2	ocr
01053117	37	13	gruene	2.6	ocr
01053118	36	14	without_certificate	96.9	ocr
01053118	36	14	with_certificate	3.1	ocr
01053118	36	14	number_voters	82.9	ocr
01053118	37	14	spd	46.7	ocr
01053118	37	14	fdp	0.9	visual
01053118	37	14	gruene	2.8	ocr
01053119	36	15	without_certificate	92.6	ocr
01053119	36	15	with_certificate	7.4	ocr
01053119	36	15	number_voters	83.1	ocr
01053119	37	15	spd	47.8	ocr
01053119	37	15	dkp	0.6	ocr
01053119	37	15	gruene	1.9	ocr
01053120	36	16	without_certificate	90.5	ocr
01053120	36	16	with_certificate	9.5	ocr
01053120	36	16	number_voters	76.0	ocr
01053120	36	16	invalid_votes	0.5	ocr
01053120	37	16	spd	42.1	ocr
01053120	37	16	fdp	1.1	ocr
01053120	37	16	gruene	6.0	ocr
01053121	36	17	without_certificate	95.2	ocr
01053121	36	17	with_certificate	4.8	ocr
01053121	36	17	number_voters	82.1	ocr
01053121	37	17	spd	40.6	ocr
01053121	37	17	fdp	5.1	ocr
01053121	37	17	gruene	2.9	ocr
01053122	36	18	without_certificate	90.9	ocr
01053122	36	18	with_certificate	9.1	ocr
01053122	36	18	number_voters	83.9	ocr
01053122	37	18	cdu	47.5	ocr
01053122	37	18	fdp	0.3	ocr
01053122	37	18	gruene	2.6	ocr
01053123	36	19	without_certificate	90.6	ocr
01053123	36	19	with_certificate	9.4	ocr
01053123	36	19	number_voters	79.9	ocr
01053123	36	19	invalid_votes	0.8	ocr
01053123	37	19	spd	43.4	ocr
01053123	37	19	fdp	1.0	ocr
01053123	37	19	gruene	1.5	ocr
01053124	36	20	without_certificate	95.4	ocr
01053124	36	20	with_certificate	4.6	ocr
01053124	36	20	number_voters	80.8	ocr
01053124	36	20	invalid_votes	0.5	ocr
01053124	37	20	spd	40.9	ocr
01053124	37	20	fdp	1.6	ocr
01053125	36	21	without_certificate	89.6	ocr
01053125	36	21	with_certificate	10.4	ocr
01053125	36	21	number_voters	82.8	ocr
01053125	37	21	gruene	2.0	ocr
01053126	36	22	without_certificate	93.7	ocr
01053126	36	22	with_certificate	6.3	ocr
01053126	36	22	number_voters	84.5	ocr
01053126	36	22	invalid_votes	0.6	visual
01053126	37	22	spd	25.3	ocr
01053126	37	22	fdp	1.7	ocr
01053126	37	22	gruene	0.6	ocr
01053127	36	23	without_certificate	94.1	ocr
01053127	36	23	with_certificate	5.9	ocr
01053127	36	23	number_voters	86.1	ocr
01053127	37	23	gruene	3.4	ocr
01053128	36	24	without_certificate	93.6	ocr
01053128	36	24	with_certificate	6.4	ocr
01053128	36	24	number_voters	86.5	ocr
01053128	37	24	spd	28.4	ocr
01053128	37	24	fdp	2.0	ocr
01053129	36	25	without_certificate	87.0	ocr
01053129	36	25	with_certificate	13.0	ocr
01053129	36	25	number_voters	73.1	ocr
01053129	36	25	invalid_votes	0.3	ocr
01053129	37	25	spd	35.3	ocr
01053129	37	25	fdp	3.1	ocr
01053129	37	25	dkp	0.1	ocr
01053129	37	25	gruene	4.4	ocr
01053130	38	1	without_certificate	96.6	ocr
01053130	38	1	with_certificate	3.4	ocr
01053130	38	1	number_voters	81.6	ocr
01053130	38	1	invalid_votes	0.7	ocr
01053130	39	1	spd	34.8	ocr
01053130	39	1	fdp	4.5	ocr
01053130	39	1	dkp	0.3	ocr
01053130	39	1	gruene	5.2	ocr
01053131	38	2	without_certificate	98.2	ocr
01053131	38	2	with_certificate	1.8	ocr
01053131	38	2	number_voters	84.8	ocr
01053131	39	2	spd	27.4	ocr
01053131	39	2	fdp	1.1	ocr
01053131	39	2	gruene	5.3	ocr
01053132	38	3	without_certificate	89.8	ocr
01053132	38	3	with_certificate	10.2	ocr
01053132	38	3	number_voters	80.3	ocr
01053132	38	3	invalid_votes	0.7	ocr
01053132	39	3	cdu	45.9	ocr
01053132	39	3	fdp	1.0	ocr
01053132	39	3	gruene	2.7	ocr
01053133	38	4	without_certificate	84.1	ocr
01053133	38	4	with_certificate	15.9	ocr
01053133	38	4	number_voters	75.8	ocr
01053133	38	4	invalid_votes	0.3	ocr
01053133	39	4	spd	35.4	ocr
01053133	39	4	fdp	3.5	ocr
01053133	39	4	dkp	0.2	ocr
01053133	39	4	gruene	5.5	ocr
01053134	38	5	without_certificate	92.8	ocr
01053134	38	5	with_certificate	7.2	ocr
01053134	38	5	number_voters	84.6	ocr
01053134	38	5	invalid_votes	0.6	ocr
01053134	39	5	spd	38.9	ocr
01053134	39	5	fdp	1.7	ocr
01053134	39	5	gruene	4.6	ocr
01053135	38	6	without_certificate	92.3	ocr
01053135	38	6	with_certificate	7.7	ocr
01053135	38	6	number_voters	83.1	ocr
01053135	39	6	spd	22.9	ocr
01053135	39	6	fdp	2.5	ocr
01053135	39	6	gruene	3.4	ocr
01053136	38	7	without_certificate	94.1	ocr
01053136	38	7	with_certificate	5.9	ocr
01053136	38	7	number_voters	81.6	ocr
01053136	38	7	invalid_votes	0.2	ocr
01053136	39	7	spd	38.8	ocr
01053136	39	7	fdp	2.7	ocr
01053136	39	7	gruene	2.9	ocr
01054001	40	1	without_certificate	93.9	ocr
01054001	40	1	with_certificate	6.1	ocr
01054001	40	1	number_voters	78.4	ocr
01054001	41	1	spd	29.4	ocr
01054001	41	1	fdp	0.9	ocr
01054001	41	1	ssw	10.6	ocr
01054001	41	1	gruene	2.4	ocr
01054002	40	2	without_certificate	96.6	ocr
01054002	40	2	with_certificate	3.4	ocr
01054002	40	2	number_voters	83.4	ocr
01054002	40	2	invalid_votes	0.7	ocr
01054002	41	2	spd	27.5	ocr
01054002	41	2	fdp	0.8	ocr
01054002	41	2	ssw	5.7	ocr
01054002	41	2	gruene	3.4	ocr
01054003	40	3	without_certificate	94.8	ocr
01054003	40	3	with_certificate	5.2	ocr
01054003	40	3	number_voters	83.0	ocr
01054003	40	3	invalid_votes	0.4	ocr
01054003	41	3	spd	22.0	ocr
01054003	41	3	fdp	0.7	ocr
01054003	41	3	ssw	1.5	ocr
01054003	41	3	gruene	3.7	ocr
01054004	40	4	without_certificate	93.6	ocr
01054004	40	4	with_certificate	6.4	ocr
01054004	41	4	spd	28.6	ocr
01054004	41	4	fdp	0.7	ocr
01054004	41	4	ssw	6.4	ocr
01054004	41	4	gruene	2.1	ocr
01054005	40	5	without_certificate	90.4	ocr
01054005	40	5	with_certificate	9.6	ocr
01054005	40	5	number_voters	75.1	ocr
01054005	41	5	spd	25.1	ocr
01054005	41	5	fdp	2.1	ocr
01054005	41	5	ssw	3.0	ocr
01054005	41	5	gruene	4.7	ocr
01054006	40	6	without_certificate	94.2	ocr
01054006	40	6	with_certificate	5.8	visual
01054006	40	6	number_voters	76.0	ocr
01054006	40	6	invalid_votes	0.4	ocr
01054006	41	6	spd	41.6	ocr
01054006	41	6	fdp	2.1	ocr
01054006	41	6	ssw	3.4	ocr
01054006	41	6	gruene	0.4	ocr
01054007	40	7	without_certificate	94.6	ocr
01054007	40	7	with_certificate	5.4	ocr
01054007	40	7	number_voters	76.8	ocr
01054007	41	7	spd	33.7	ocr
01054007	41	7	fdp	1.7	ocr
01054007	41	7	ssw	1.2	ocr
01054007	41	7	gruene	1.2	ocr
01054008	40	8	without_certificate	97.2	ocr
01054008	40	8	with_certificate	2.8	ocr
01054008	40	8	number_voters	86.1	ocr
01054008	41	8	spd	25.8	ocr
01054009	40	9	without_certificate	96.0	ocr
01054009	40	9	with_certificate	4.0	ocr
01054009	40	9	number_voters	80.0	ocr
01054009	41	9	spd	34.4	ocr
01054009	41	9	fdp	0.9	ocr
01054009	41	9	ssw	10.0	ocr
01054009	41	9	gruene	2.8	ocr
01054010	40	10	without_certificate	93.4	ocr
01054010	40	10	with_certificate	6.6	ocr
01054010	40	10	number_voters	80.2	ocr
01054010	40	10	invalid_votes	0.8	visual
01054010	41	10	spd	28.1	ocr
01054010	41	10	fdp	0.8	ocr
01054010	41	10	ssw	3.2	ocr
01054010	41	10	gruene	2.4	ocr
01054011	40	11	without_certificate	96.8	ocr
01054011	40	11	with_certificate	3.2	ocr
01054011	40	11	number_voters	85.5	ocr
01054011	40	11	invalid_votes	0.3	ocr
01054011	41	11	spd	22.9	ocr
01054011	41	11	fdp	0.9	ocr
01054011	41	11	ssw	0.9	ocr
01054011	41	11	gruene	1.9	ocr
01054012	40	12	without_certificate	96.5	ocr
01054012	40	12	with_certificate	3.5	ocr
01054012	40	12	number_voters	80.8	visual
01054012	40	12	invalid_votes	0.8	ocr
01054012	41	12	spd	29.3	ocr
01054012	41	12	fdp	3.1	ocr
01054012	41	12	ssw	1.5	ocr
01054012	41	12	dkp	0.3	ocr
01054012	41	12	gruene	4.1	ocr
01054012	41	12	einzelbewerber_llsh	0.3	visual
01054013	40	13	without_certificate	96.3	ocr
01054013	40	13	with_certificate	3.7	ocr
01054013	40	13	number_voters	85.3	ocr
01054013	41	13	spd	13.8	ocr
01054013	41	13	ssw	0.9	ocr
01054013	41	13	gruene	2.6	ocr
01054014	40	14	without_certificate	94.8	ocr
01054014	40	14	with_certificate	5.2	ocr
01054014	40	14	number_voters	78.8	ocr
01054014	40	14	invalid_votes	0.2	ocr
01054014	41	14	spd	37.8	ocr
01054014	41	14	fdp	3.2	ocr
01054014	41	14	ssw	2.8	ocr
01054014	41	14	gruene	3.4	ocr
01054014	41	14	einzelbewerber_llsh	0.2	visual
01054015	40	15	without_certificate	91.0	ocr
01054015	40	15	with_certificate	9.0	ocr
01054015	40	15	number_voters	81.0	ocr
01054015	40	15	invalid_votes	0.6	ocr
01054015	41	15	spd	12.4	ocr
01054015	41	15	fdp	4.7	ocr
01054015	41	15	ssw	4.1	ocr
01054015	41	15	gruene	5.3	ocr
01054016	40	16	without_certificate	97.1	ocr
01054016	40	16	with_certificate	2.9	ocr
01054016	40	16	number_voters	86.0	ocr
01054016	41	16	spd	36.8	ocr
01054016	41	16	ssw	3.4	ocr
01054016	41	16	gruene	3.4	ocr
01054017	40	17	without_certificate	93.3	ocr
01054017	40	17	with_certificate	6.7	ocr
01054017	40	17	number_voters	77.6	ocr
01054017	40	17	invalid_votes	0.3	ocr
01054017	41	17	spd	40.7	ocr
01054017	41	17	fdp	0.3	ocr
01054017	41	17	ssw	5.0	ocr
01054017	41	17	gruene	2.8	ocr
01054018	40	18	without_certificate	96.2	ocr
01054018	40	18	with_certificate	3.8	ocr
01054018	40	18	number_voters	81.3	ocr
01054018	41	18	spd	16.9	ocr
01054018	41	18	fdp	0.7	ocr
01054018	41	18	ssw	9.5	ocr
01054019	40	19	without_certificate	89.2	ocr
01054019	40	19	with_certificate	10.8	ocr
01054019	40	19	number_voters	75.2	ocr
01054019	40	19	invalid_votes	0.2	ocr
01054019	41	19	spd	44.4	ocr
01054019	41	19	fdp	2.1	ocr
01054019	41	19	ssw	4.5	ocr
01054019	41	19	dkp	0.1	ocr
01054019	41	19	gruene	3.3	ocr
01054019	41	19	einzelbewerber_llsh	0.5	visual
01054020	40	20	without_certificate	91.0	ocr
01054020	40	20	with_certificate	9.0	ocr
01054020	40	20	number_voters	78.8	ocr
01054020	40	20	invalid_votes	0.1	ocr
01054020	41	20	spd	43.0	ocr
01054020	41	20	fdp	3.5	ocr
01054020	41	20	ssw	2.3	ocr
01054020	41	20	dkp	0.1	ocr
01054020	41	20	gruene	4.4	ocr
01054020	41	20	einzelbewerber_llsh	0.3	ocr
01054022	40	21	without_certificate	94.0	ocr
01054022	40	21	with_certificate	6.0	ocr
01054022	40	21	number_voters	73.7	ocr
01054022	40	21	invalid_votes	0.2	ocr
01054022	41	21	spd	43.7	ocr
01054022	41	21	fdp	1.1	ocr
01054022	41	21	ssw	3.2	ocr
01054022	41	21	gruene	3.4	ocr
01054023	40	22	without_certificate	92.9	ocr
01054023	40	22	with_certificate	7.1	ocr
01054023	40	22	number_voters	73.9	ocr
01054023	40	22	invalid_votes	0.4	ocr
01054023	41	22	spd	39.1	ocr
01054023	41	22	fdp	2.9	ocr
01054023	41	22	ssw	6.5	ocr
01054023	41	22	gruene	1.8	ocr
01054024	40	23	without_certificate	95.6	ocr
01054024	40	23	with_certificate	4.4	ocr
01054024	40	23	number_voters	82.8	ocr
01054024	40	23	invalid_votes	0.5	ocr
01054024	41	23	spd	30.8	ocr
01054024	41	23	fdp	2.5	ocr
01054024	41	23	ssw	1.7	ocr
01054024	41	23	dkp	0.5	ocr
01054024	41	23	gruene	4.3	ocr
01054025	40	24	without_certificate	93.7	ocr
01054025	40	24	with_certificate	6.3	ocr
01054025	40	24	number_voters	85.7	ocr
01054025	41	24	spd	9.3	ocr
01054025	41	24	fdp	1.9	ocr
01054025	41	24	ssw	1.9	ocr
01054025	41	24	gruene	1.9	ocr
01054026	40	25	without_certificate	70.6	ocr
01054026	41	25	spd	4.2	ocr
01054026	41	25	fdp	4.2	ocr
01054027	42	1	without_certificate	95.0	ocr
01054027	42	1	with_certificate	5.0	ocr
01054027	42	1	number_voters	82.0	ocr
01054027	43	1	spd	25.6	ocr
01054027	43	1	ssw	2.4	ocr
01054027	43	1	gruene	12.2	ocr
01054032	42	2	without_certificate	91.7	ocr
01054032	42	2	with_certificate	8.3	ocr
01054032	42	2	number_voters	76.7	ocr
01054032	43	2	spd	21.7	ocr
01054032	43	2	ssw	4.3	ocr
01054032	43	2	gruene	2.2	ocr
01054033	42	3	without_certificate	87.4	ocr
01054033	42	3	with_certificate	12.6	ocr
01054033	42	3	number_voters	76.7	ocr
01054033	42	3	invalid_votes	0.2	ocr
01054033	43	3	cdu	35.5	ocr
01054033	43	3	fdp	2.4	ocr
01054033	43	3	ssw	8.5	ocr
01054034	42	4	without_certificate	95.8	ocr
01054034	42	4	with_certificate	4.2	ocr
01054034	42	4	number_voters	87.0	ocr
01054034	43	4	spd	25.7	ocr
01054034	43	4	fdp	0.6	ocr
01054034	43	4	gruene	3.0	ocr
01054035	42	5	without_certificate	85.5	ocr
01054035	42	5	with_certificate	14.5	ocr
01054035	42	5	number_voters	72.8	ocr
01054035	43	5	spd	31.3	ocr
01054035	43	5	fdp	4.2	ocr
01054035	43	5	ssw	6.0	ocr
01054035	43	5	gruene	3.0	ocr
01054036	42	6	without_certificate	84.5	ocr
01054036	42	6	with_certificate	15.5	ocr
01054036	42	6	number_voters	71.3	ocr
01054036	42	6	invalid_votes	0.6	ocr
01054036	43	6	spd	39.6	ocr
01054036	43	6	fdp	5.1	ocr
01054036	43	6	ssw	5.2	ocr
01054036	43	6	gruene	2.8	ocr
01054037	42	7	without_certificate	96.5	ocr
01054037	42	7	with_certificate	3.5	ocr
01054037	42	7	number_voters	83.5	ocr
01054037	43	7	spd	33.3	ocr
01054037	43	7	fdp	0.5	ocr
01054037	43	7	ssw	3.1	ocr
01054037	43	7	gruene	5.2	ocr
01054038	42	8	without_certificate	93.6	ocr
01054038	42	8	with_certificate	6.4	ocr
01054038	42	8	number_voters	83.6	ocr
01054038	43	8	spd	21.4	ocr
01054038	43	8	fdp	0.4	ocr
01054038	43	8	ssw	3.8	ocr
01054038	43	8	dkp	0.4	ocr
01054038	43	8	gruene	4.3	ocr
01054039	42	9	without_certificate	78.6	ocr
01054039	42	9	with_certificate	21.4	ocr
01054039	42	9	number_voters	78.6	ocr
01054040	42	10	without_certificate	86.2	ocr
01054040	42	10	with_certificate	13.8	ocr
01054040	42	10	number_voters	75.9	ocr
01054040	43	10	cdu	31.8	ocr
01054040	43	10	fdp	9.1	ocr
01054041	42	11	without_certificate	94.5	ocr
01054041	42	11	with_certificate	5.5	ocr
01054041	42	11	number_voters	80.7	ocr
01054041	43	11	spd	26.5	ocr
01054041	43	11	fdp	1.9	ocr
01054041	43	11	ssw	0.9	ocr
01054041	43	11	dkp	0.2	ocr
01054041	43	11	gruene	1.9	ocr
01054042	42	12	without_certificate	92.8	ocr
01054042	42	12	with_certificate	7.2	ocr
01054042	42	12	number_voters	74.2	ocr
01054042	42	12	invalid_votes	0.6	ocr
01054042	43	12	spd	40.7	ocr
01054042	43	12	fdp	3.9	ocr
01054042	43	12	ssw	3.6	ocr
01054042	43	12	gruene	4.5	ocr
01054043	42	13	without_certificate	94.3	ocr
01054043	42	13	with_certificate	5.7	ocr
01054043	42	13	number_voters	70.4	ocr
01054043	43	13	spd	20.7	ocr
01054043	43	13	fdp	2.9	ocr
01054043	43	13	ssw	2.3	ocr
01054043	43	13	gruene	4.0	ocr
01054045	42	14	without_certificate	93.4	ocr
01054045	42	14	with_certificate	6.6	ocr
01054045	42	14	number_voters	81.6	ocr
01054045	43	14	spd	20.7	ocr
01054045	43	14	fdp	1.9	ocr
01054045	43	14	ssw	1.1	ocr
01054045	43	14	gruene	4.2	ocr
01054045	43	14	einzelbewerber_llsh	0.8	ocr
01054046	42	15	without_certificate	81.6	ocr
01054046	42	15	with_certificate	18.4	ocr
01054046	42	15	number_voters	62.6	ocr
01054046	43	15	spd	45.9	ocr
01054046	43	15	fdp	0.9	ocr
01054046	43	15	ssw	3.0	ocr
01054046	43	15	gruene	3.9	ocr
01054048	42	16	without_certificate	97.1	ocr
01054048	42	16	with_certificate	2.9	ocr
01054048	42	16	number_voters	91.2	ocr
01054048	43	16	spd	25.8	ocr
01054048	43	16	fdp	3.2	ocr
01054048	43	16	ssw	3.2	ocr
01054048	43	16	gruene	1.6	ocr
01054050	42	17	without_certificate	83.6	ocr
01054050	42	17	with_certificate	16.4	ocr
01054050	42	17	number_voters	69.5	ocr
01054050	42	17	invalid_votes	1.1	ocr
01054050	43	17	cdu	39.8	ocr
01054050	43	17	fdp	1.1	ocr
01054050	43	17	gruene	4.5	ocr
01054052	42	18	without_certificate	95.1	ocr
01054052	42	18	with_certificate	4.9	ocr
01054052	42	18	number_voters	79.6	ocr
01054052	42	18	invalid_votes	0.6	ocr
01054052	43	18	spd	31.4	ocr
01054052	43	18	fdp	0.9	ocr
01054052	43	18	ssw	4.6	ocr
01054052	43	18	gruene	2.8	ocr
01054054	42	19	without_certificate	96.7	ocr
01054054	42	19	with_certificate	3.3	ocr
01054054	42	19	number_voters	80.9	visual
01054054	43	19	spd	22.0	ocr
01054054	43	19	fdp	1.6	ocr
01054054	43	19	ssw	4.9	ocr
01054054	43	19	gruene	5.7	ocr
01054055	42	20	without_certificate	95.0	ocr
01054055	42	20	with_certificate	5.0	ocr
01054055	42	20	number_voters	76.6	ocr
01054055	42	20	invalid_votes	0.2	ocr
01054055	43	20	spd	25.3	ocr
01054055	43	20	fdp	1.2	ocr
01054055	43	20	ssw	10.2	ocr
01054055	43	20	gruene	2.8	ocr
01054056	42	21	without_certificate	90.3	ocr
01054056	42	21	with_certificate	9.7	ocr
01054056	42	21	number_voters	73.5	ocr
01054056	42	21	invalid_votes	0.3	ocr
01054056	43	21	cdu	42.3	ocr
01054056	43	21	fdp	2.4	ocr
01054056	43	21	ssw	3.6	ocr
01054057	42	22	without_certificate	95.0	ocr
01054057	42	22	with_certificate	5.0	ocr
01054057	42	22	number_voters	86.2	ocr
01054057	42	22	invalid_votes	0.6	ocr
01054057	43	22	spd	34.7	ocr
01054057	43	22	fdp	0.6	ocr
01054057	43	22	ssw	1.7	ocr
01054057	43	22	gruene	3.9	ocr
01054059	42	23	without_certificate	96.5	ocr
01054059	42	23	with_certificate	3.5	ocr
01054059	42	23	number_voters	83.0	ocr
01054059	42	23	invalid_votes	0.3	ocr
01054059	43	23	spd	25.5	ocr
01054059	43	23	fdp	4.2	ocr
01054059	43	23	ssw	4.2	ocr
01054059	43	23	gruene	2.4	ocr
01054061	43	24	spd	20.7	ocr
01054061	43	24	fdp	1.7	ocr
01054061	43	24	dkp	0.3	ocr
01054062	42	25	without_certificate	97.8	ocr
01054062	42	25	with_certificate	2.2	ocr
01054062	42	25	number_voters	77.5	ocr
01054062	43	25	spd	18.8	ocr
01054062	43	25	ssw	5.8	ocr
01054062	43	25	gruene	6.5	ocr
01054063	44	1	without_certificate	87.2	ocr
01054063	44	1	with_certificate	12.8	ocr
01054063	44	1	number_voters	77.2	ocr
01054063	45	1	spd	30.4	ocr
01054063	45	1	fdp	5.2	ocr
01054063	45	1	ssw	0.9	ocr
01054063	45	1	gruene	2.6	ocr
01054065	44	2	without_certificate	93.0	ocr
01054065	44	2	with_certificate	7.0	ocr
01054065	44	2	number_voters	71.8	ocr
01054065	45	2	spd	38.9	ocr
01054065	45	2	fdp	1.4	ocr
01054065	45	2	ssw	2.2	ocr
01054065	45	2	gruene	3.4	ocr
01054068	44	3	without_certificate	94.9	ocr
01054068	44	3	with_certificate	5.1	ocr
01054068	44	3	number_voters	80.2	ocr
01054068	44	3	invalid_votes	0.4	ocr
01054068	45	3	spd	32.1	ocr
01054068	45	3	fdp	1.5	ocr
01054068	45	3	ssw	8.4	ocr
01054068	45	3	gruene	0.9	ocr
01054070	44	4	without_certificate	91.4	ocr
01054070	44	4	with_certificate	8.6	ocr
01054070	44	4	number_voters	81.2	ocr
01054070	44	4	invalid_votes	0.2	ocr
01054070	45	4	spd	43.3	ocr
01054070	45	4	fdp	2.2	ocr
01054070	45	4	ssw	4.6	ocr
01054070	45	4	gruene	2.4	ocr
01054071	44	5	without_certificate	81.1	ocr
01054071	44	5	with_certificate	18.9	ocr
01054071	44	5	number_voters	67.9	ocr
01054071	45	5	spd	27.8	ocr
01054071	45	5	gruene	5.6	ocr
01054071	45	5	einzelbewerber_llsh	2.8	ocr
01054072	44	6	without_certificate	85.2	ocr
01054072	44	6	with_certificate	14.8	ocr
01054072	44	6	number_voters	76.8	ocr
01054072	45	6	cdu	38.5	ocr
01054072	45	6	fdp	15.6	ocr
01054072	45	6	ssw	1.8	ocr
01054072	45	6	gruene	1.8	ocr
01054073	44	7	without_certificate	93.6	ocr
01054073	44	7	with_certificate	6.4	ocr
01054073	44	7	number_voters	76.5	ocr
01054073	45	7	spd	29.2	ocr
01054073	45	7	fdp	1.7	ocr
01054073	45	7	dkp	0.2	ocr
01054073	45	7	gruene	3.5	ocr
01054073	45	7	einzelbewerber_llsh	0.2	ocr
01054074	44	8	without_certificate	87.3	ocr
01054074	44	8	with_certificate	12.7	ocr
01054074	44	8	number_voters	76.6	ocr
01054074	45	8	spd	41.3	ocr
01054074	45	8	ssw	1.7	ocr
01054074	45	8	gruene	4.1	ocr
01054075	44	9	without_certificate	93.7	ocr
01054075	44	9	with_certificate	6.3	ocr
01054075	44	9	number_voters	77.3	ocr
01054075	44	9	invalid_votes	0.1	ocr
01054075	45	9	spd	38.2	ocr
01054075	45	9	fdp	4.0	ocr
01054075	45	9	ssw	1.8	ocr
01054075	45	9	dkp	0.3	ocr
01054075	45	9	gruene	4.3	ocr
01054076	44	10	without_certificate	91.0	ocr
01054076	44	10	with_certificate	9.0	ocr
01054076	44	10	number_voters	75.5	ocr
01054076	44	10	invalid_votes	0.2	ocr
01054076	45	10	spd	41.0	ocr
01054076	45	10	fdp	1.5	ocr
01054076	45	10	ssw	7.6	ocr
01054076	45	10	gruene	2.4	ocr
01054077	44	11	without_certificate	95.1	ocr
01054077	44	11	with_certificate	4.9	ocr
01054077	44	11	number_voters	80.5	ocr
01054077	45	11	spd	33.3	ocr
01054077	45	11	fdp	3.0	ocr
01054077	45	11	ssw	12.1	ocr
01054077	45	11	gruene	9.1	ocr
01054078	44	12	without_certificate	80.0	ocr
01054078	44	12	with_certificate	20.0	ocr
01054078	44	12	number_voters	64.6	ocr
01054078	44	12	invalid_votes	0.1	ocr
01054078	45	12	spd	37.6	ocr
01054078	45	12	fdp	2.0	ocr
01054078	45	12	ssw	7.8	ocr
01054078	45	12	gruene	3.8	ocr
01054079	44	13	without_certificate	96.9	ocr
01054079	44	13	with_certificate	3.1	ocr
01054079	44	13	number_voters	84.1	ocr
01054079	45	13	spd	28.3	ocr
01054079	45	13	fdp	1.8	ocr
01054079	45	13	ssw	2.9	ocr
01054079	45	13	gruene	1.8	ocr
01054080	44	14	without_certificate	94.6	ocr
01054080	44	14	with_certificate	5.4	ocr
01054080	44	14	number_voters	78.7	ocr
01054080	45	14	spd	33.3	ocr
01054080	45	14	fdp	3.1	ocr
01054080	45	14	ssw	1.3	ocr
01054080	45	14	gruene	2.5	ocr
01054083	44	15	without_certificate	88.6	ocr
01054083	44	15	with_certificate	11.4	ocr
01054083	44	15	number_voters	74.1	ocr
01054083	45	15	spd	11.7	ocr
01054083	45	15	fdp	3.6	ocr
01054083	45	15	ssw	2.2	ocr
01054083	45	15	dkp	0.7	ocr
01054083	45	15	gruene	1.5	ocr
01054084	44	16	without_certificate	93.3	ocr
01054084	44	16	with_certificate	6.7	ocr
01054084	44	16	number_voters	82.4	ocr
01054084	44	16	invalid_votes	0.4	ocr
01054084	45	16	cdu	42.0	ocr
01054084	45	16	fdp	3.0	ocr
01054084	45	16	ssw	3.9	ocr
01054084	45	16	dkp	0.3	ocr
01054084	45	16	gruene	3.0	visual
01054085	44	17	without_certificate	76.1	ocr
01054085	44	17	with_certificate	23.9	ocr
01054085	44	17	number_voters	59.8	ocr
01054085	44	17	invalid_votes	0.2	ocr
01054085	45	17	spd	30.4	ocr
01054085	45	17	fdp	4.5	ocr
01054085	45	17	ssw	1.5	ocr
01054085	45	17	gruene	6.5	ocr
01054086	44	18	without_certificate	93.4	ocr
01054086	44	18	with_certificate	6.6	ocr
01054086	44	18	number_voters	75.2	ocr
01054086	44	18	invalid_votes	0.2	ocr
01054086	45	18	spd	30.4	ocr
01054086	45	18	fdp	0.6	ocr
01054086	45	18	ssw	6.5	ocr
01054086	45	18	gruene	3.5	ocr
01054087	44	19	without_certificate	81.3	ocr
01054087	44	19	with_certificate	18.7	ocr
01054087	44	19	number_voters	66.7	ocr
01054087	45	19	spd	21.7	ocr
01054087	45	19	fdp	0.8	ocr
01054087	45	19	ssw	1.1	ocr
01054087	45	19	gruene	6.5	ocr
01054088	44	20	without_certificate	88.1	ocr
01054088	44	20	with_certificate	11.9	ocr
01054088	44	20	number_voters	74.9	ocr
01054088	44	20	invalid_votes	0.4	ocr
01054088	45	20	spd	40.3	ocr
01054088	45	20	fdp	2.2	ocr
01054088	45	20	ssw	4.8	ocr
01054088	45	20	gruene	3.5	ocr
01054089	44	21	without_certificate	76.6	ocr
01054089	44	21	with_certificate	23.4	ocr
01054089	44	21	number_voters	60.2	ocr
01054089	44	21	invalid_votes	0.4	ocr
01054089	45	21	spd	19.9	ocr
01054089	45	21	fdp	1.1	ocr
01054089	45	21	ssw	2.6	ocr
01054089	45	21	gruene	4.5	ocr
01054090	44	22	without_certificate	92.9	ocr
01054090	44	22	with_certificate	7.1	ocr
01054090	44	22	number_voters	85.7	ocr
01054090	45	22	spd	8.3	ocr
01054090	45	22	gruene	2.8	ocr
01054091	44	23	without_certificate	86.3	ocr
01054091	44	23	with_certificate	13.7	ocr
01054091	44	23	number_voters	76.9	ocr
01054091	44	23	invalid_votes	0.3	ocr
01054091	45	23	cdu	47.7	ocr
01054091	45	23	fdp	0.8	ocr
01054091	45	23	ssw	1.1	ocr
01054091	45	23	gruene	1.7	ocr
01054092	44	24	without_certificate	95.1	ocr
01054092	44	24	with_certificate	4.9	ocr
01054092	44	24	number_voters	80.6	ocr
01054092	45	24	spd	20.5	ocr
01054092	45	24	fdp	0.4	ocr
01054092	45	24	ssw	0.4	ocr
01054092	45	24	gruene	2.8	ocr
01054093	44	25	without_certificate	93.0	ocr
01054093	44	25	with_certificate	7.0	ocr
01054093	44	25	number_voters	82.0	ocr
01054093	44	25	invalid_votes	0.3	ocr
01054093	45	25	spd	39.9	ocr
01054093	45	25	fdp	1.7	ocr
01054093	45	25	ssw	0.7	ocr
01054093	45	25	gruene	3.8	ocr
01054094	46	1	without_certificate	94.4	ocr
01054094	46	1	with_certificate	5.6	ocr
01054094	46	1	number_voters	76.4	ocr
01054094	47	1	spd	29.6	ocr
01054094	47	1	fdp	1.7	ocr
01054094	47	1	ssw	6.0	ocr
01054094	47	1	gruene	3.9	ocr
01054095	46	2	without_certificate	91.4	ocr
01054095	46	2	with_certificate	8.6	ocr
01054095	46	2	number_voters	74.0	ocr
01054095	46	2	invalid_votes	0.3	ocr
01054095	47	2	spd	40.3	ocr
01054095	47	2	fdp	5.7	ocr
01054095	47	2	ssw	2.6	ocr
01054095	47	2	gruene	3.0	ocr
01054096	46	3	without_certificate	96.6	ocr
01054096	46	3	with_certificate	3.4	ocr
01054096	46	3	number_voters	77.0	ocr
01054096	46	3	invalid_votes	0.4	ocr
01054096	47	3	spd	28.6	ocr
01054096	47	3	fdp	0.7	ocr
01054096	47	3	ssw	2.6	ocr
01054096	47	3	gruene	2.6	ocr
01054097	46	4	without_certificate	96.4	ocr
01054097	46	4	with_certificate	3.6	ocr
01054097	46	4	number_voters	84.0	ocr
01054097	47	4	spd	24.8	ocr
01054097	47	4	fdp	1.9	ocr
01054097	47	4	gruene	1.4	ocr
01054098	46	5	without_certificate	91.4	ocr
01054098	46	5	with_certificate	8.6	ocr
01054098	46	5	number_voters	75.4	ocr
01054098	47	5	spd	18.8	ocr
01054098	47	5	fdp	2.8	ocr
01054098	47	5	ssw	2.8	ocr
01054098	47	5	gruene	4.6	ocr
01054099	46	6	without_certificate	91.8	ocr
01054099	46	6	with_certificate	8.2	ocr
01054099	46	6	number_voters	78.6	ocr
01054099	46	6	invalid_votes	0.1	ocr
01054099	47	6	spd	32.0	ocr
01054099	47	6	fdp	4.2	ocr
01054099	47	6	ssw	1.1	ocr
01054099	47	6	gruene	3.4	ocr
01054100	46	7	without_certificate	87.3	ocr
01054100	46	7	with_certificate	12.7	ocr
01054100	46	7	number_voters	78.9	ocr
01054100	47	7	spd	30.6	ocr
01054100	47	7	fdp	6.7	ocr
01054100	47	7	ssw	6.7	ocr
01054100	47	7	gruene	3.9	ocr
01054101	46	8	without_certificate	96.4	ocr
01054101	46	8	with_certificate	3.6	ocr
01054101	46	8	number_voters	87.7	ocr
01054101	47	8	spd	36.5	ocr
01054101	47	8	fdp	1.1	ocr
01054101	47	8	ssw	6.8	ocr
01054101	47	8	gruene	3.0	ocr
01054103	46	9	without_certificate	83.3	ocr
01054103	46	9	with_certificate	16.7	ocr
01054103	46	9	number_voters	70.1	ocr
01054103	47	9	spd	33.3	ocr
01054103	47	9	fdp	2.6	ocr
01054103	47	9	ssw	0.3	ocr
01054103	47	9	gruene	1.8	ocr
01054103	47	9	einzelbewerber_llsh	0.3	ocr
01054104	46	10	without_certificate	86.0	ocr
01054104	46	10	with_certificate	14.0	ocr
01054104	46	10	number_voters	68.7	ocr
01054104	46	10	invalid_votes	0.7	ocr
01054104	47	10	spd	25.3	ocr
01054104	47	10	fdp	6.8	ocr
01054104	47	10	ssw	10.3	ocr
01054104	47	10	gruene	2.1	ocr
01054105	46	11	without_certificate	95.8	ocr
01054105	46	11	number_voters	76.1	ocr
01054105	47	11	spd	28.9	ocr
01054105	47	11	fdp	3.0	ocr
01054105	47	11	ssw	1.5	ocr
01054105	47	11	gruene	5.6	ocr
01054106	46	12	without_certificate	91.5	ocr
01054106	46	12	with_certificate	8.5	ocr
01054106	46	12	number_voters	79.4	ocr
01054106	46	12	invalid_votes	0.3	ocr
01054106	47	12	spd	34.5	ocr
01054106	47	12	fdp	7.1	ocr
01054106	47	12	ssw	0.9	ocr
01054106	47	12	dkp	0.1	ocr
01054106	47	12	gruene	3.2	ocr
01054107	46	13	without_certificate	81.5	ocr
01054107	46	13	with_certificate	18.5	ocr
01054107	46	13	number_voters	58.0	ocr
01054107	47	13	spd	39.2	ocr
01054107	47	13	fdp	3.4	ocr
01054107	47	13	ssw	2.2	ocr
01054107	47	13	dkp	0.4	ocr
01054107	47	13	gruene	3.4	ocr
01054108	46	14	without_certificate	90.7	ocr
01054108	46	14	with_certificate	9.3	ocr
01054108	46	14	number_voters	77.3	ocr
01054108	46	14	invalid_votes	0.4	ocr
01054108	47	14	spd	24.1	ocr
01054108	47	14	fdp	4.0	ocr
01054108	47	14	ssw	2.2	ocr
01054108	47	14	dkp	0.4	ocr
01054108	47	14	gruene	3.1	ocr
01054109	46	15	without_certificate	93.4	ocr
01054109	46	15	with_certificate	6.6	ocr
01054109	46	15	number_voters	77.3	ocr
01054109	46	15	invalid_votes	0.2	ocr
01054109	47	15	spd	40.6	ocr
01054109	47	15	fdp	1.7	ocr
01054109	47	15	ssw	8.0	ocr
01054109	47	15	dkp	0.1	ocr
01054109	47	15	gruene	2.8	ocr
01054110	46	16	without_certificate	93.6	ocr
01054110	46	16	with_certificate	6.4	ocr
01054110	46	16	number_voters	77.0	ocr
01054110	46	16	invalid_votes	0.4	ocr
01054110	47	16	spd	38.4	ocr
01054110	47	16	gruene	5.6	ocr
01054113	46	17	without_certificate	80.1	ocr
01054113	46	17	with_certificate	19.9	ocr
01054113	46	17	number_voters	63.2	ocr
01054113	46	17	invalid_votes	0.5	ocr
01054113	47	17	spd	38.3	ocr
01054113	47	17	fdp	3.7	ocr
01054113	47	17	ssw	1.7	ocr
01054113	47	17	gruene	3.7	ocr
01054115	46	18	without_certificate	88.3	ocr
01054115	46	18	with_certificate	11.7	visual
01054115	46	18	number_voters	76.7	ocr
01054115	47	18	spd	41.2	ocr
01054115	47	18	ssw	2.1	ocr
01054115	47	18	gruene	3.2	ocr
01054116	46	19	with_certificate	10.2	ocr
01054116	46	19	number_voters	77.1	ocr
01054116	46	19	invalid_votes	0.5	ocr
01054116	47	19	spd	36.3	ocr
01054116	47	19	fdp	3.1	ocr
01054116	47	19	ssw	2.4	ocr
01054116	47	19	gruene	3.0	ocr
01054118	46	20	without_certificate	92.5	ocr
01054118	46	20	with_certificate	7.5	ocr
01054118	46	20	number_voters	79.9	ocr
01054118	46	20	invalid_votes	0.2	ocr
01054118	47	20	spd	34.2	ocr
01054118	47	20	fdp	2.6	ocr
01054118	47	20	ssw	2.2	ocr
01054118	47	20	gruene	4.2	ocr
01054118	47	20	einzelbewerber_llsh	0.2	ocr
01054119	46	21	without_certificate	90.3	ocr
01054119	46	21	with_certificate	9.7	ocr
01054119	46	21	number_voters	78.1	ocr
01054119	46	21	invalid_votes	1.2	ocr
01054119	47	21	cdu	41.3	ocr
01054119	47	21	fdp	4.2	ocr
01054119	47	21	ssw	5.1	ocr
01054119	47	21	gruene	2.7	ocr
01054120	46	22	without_certificate	91.9	ocr
01054120	46	22	with_certificate	8.1	ocr
01054120	46	22	number_voters	75.8	ocr
01054120	46	22	invalid_votes	0.4	ocr
01054120	47	22	spd	39.7	ocr
01054120	47	22	fdp	3.1	ocr
01054120	47	22	ssw	0.4	ocr
01054120	47	22	gruene	2.0	ocr
01054121	46	23	without_certificate	96.4	ocr
01054121	46	23	with_certificate	3.6	ocr
01054121	46	23	number_voters	84.3	ocr
01054121	47	23	spd	18.6	ocr
01054121	47	23	ssw	0.8	ocr
01054121	47	23	einzelbewerber_llsh	0.8	ocr
01054123	46	24	without_certificate	98.2	ocr
01054123	46	24	with_certificate	1.8	ocr
01054123	46	24	number_voters	86.5	ocr
01054123	47	24	spd	17.8	ocr
01054123	47	24	fdp	0.5	ocr
01054123	47	24	ssw	0.5	ocr
01054123	47	24	gruene	3.1	ocr
01054124	46	25	without_certificate	94.2	ocr
01054124	46	25	with_certificate	5.8	ocr
01054124	46	25	number_voters	81.3	ocr
01054124	47	25	spd	22.3	ocr
01054124	47	25	fdp	1.4	ocr
01054124	47	25	ssw	3.6	ocr
01054124	47	25	gruene	6.5	ocr
01054125	48	1	without_certificate	91.6	ocr
01054125	48	1	with_certificate	8.4	ocr
01054125	48	1	number_voters	74.3	ocr
01054125	48	1	invalid_votes	0.2	ocr
01054125	49	1	spd	29.4	ocr
01054125	49	1	fdp	1.6	ocr
01054125	49	1	ssw	6.1	ocr
01054125	49	1	gruene	3.4	ocr
01054125	49	1	einzelbewerber_llsh	0.2	ocr
01054126	48	2	without_certificate	93.1	ocr
01054126	48	2	with_certificate	6.9	ocr
01054126	48	2	number_voters	78.3	ocr
01054126	49	2	spd	33.8	ocr
01054126	49	2	fdp	0.6	ocr
01054126	49	2	ssw	6.4	ocr
01054126	49	2	gruene	1.5	ocr
01054128	48	3	without_certificate	93.8	ocr
01054128	48	3	with_certificate	6.2	ocr
01054128	48	3	number_voters	78.1	ocr
01054128	48	3	invalid_votes	0.4	ocr
01054128	49	3	cdu	45.7	ocr
01054128	49	3	fdp	2.9	ocr
01054128	49	3	ssw	1.3	ocr
01054128	49	3	dkp	0.2	ocr
01054128	49	3	gruene	2.1	ocr
01054129	48	4	without_certificate	88.1	ocr
01054129	48	4	with_certificate	11.9	ocr
01054129	48	4	number_voters	79.1	ocr
01054129	48	4	invalid_votes	0.9	ocr
01054129	49	4	spd	7.6	ocr
01054129	49	4	fdp	2.9	ocr
01054129	49	4	gruene	9.5	ocr
01054130	48	5	without_certificate	88.2	ocr
01054130	48	5	with_certificate	11.8	ocr
01054131	48	6	without_certificate	93.8	ocr
01054131	48	6	with_certificate	6.2	ocr
01054131	48	6	number_voters	73.8	ocr
01054131	48	6	invalid_votes	0.4	ocr
01054131	49	6	spd	30.7	ocr
01054131	49	6	fdp	1.4	ocr
01054131	49	6	ssw	4.8	ocr
01054131	49	6	dkp	0.2	ocr
01054131	49	6	gruene	2.9	ocr
01054132	48	7	without_certificate	92.2	ocr
01054132	48	7	with_certificate	7.8	ocr
01054132	48	7	number_voters	78.6	ocr
01054132	49	7	spd	17.3	ocr
01054132	49	7	fdp	2.5	ocr
01054132	49	7	ssw	3.7	ocr
01054132	49	7	gruene	3.7	ocr
01054133	48	8	without_certificate	84.4	ocr
01054133	48	8	with_certificate	15.6	ocr
01054133	48	8	number_voters	63.7	ocr
01054133	49	8	spd	38.7	ocr
01054133	49	8	fdp	2.6	ocr
01054133	49	8	ssw	5.8	ocr
01054133	49	8	dkp	0.4	ocr
01054133	49	8	gruene	5.5	ocr
01054134	48	9	without_certificate	87.7	ocr
01054134	48	9	with_certificate	12.3	ocr
01054134	48	9	number_voters	71.9	ocr
01054134	48	9	invalid_votes	0.7	ocr
01054134	49	9	spd	43.0	ocr
01054134	49	9	fdp	3.6	ocr
01054134	49	9	ssw	3.2	ocr
01054134	49	9	gruene	4.5	ocr
01054135	48	10	without_certificate	84.1	ocr
01054135	48	10	with_certificate	15.9	ocr
01054135	48	10	number_voters	70.5	ocr
01054135	49	10	spd	41.0	ocr
01054135	49	10	fdp	5.7	ocr
01054135	49	10	ssw	1.9	ocr
01054135	49	10	gruene	2.9	ocr
01054136	48	11	without_certificate	90.1	ocr
01054136	48	11	with_certificate	9.9	ocr
01054136	48	11	number_voters	83.3	ocr
01054136	49	11	spd	32.6	ocr
01054136	49	11	ssw	9.6	ocr
01054136	49	11	gruene	2.2	ocr
01054138	48	12	without_certificate	88.0	ocr
01054138	48	12	with_certificate	12.0	ocr
01054138	48	12	number_voters	71.3	ocr
01054138	48	12	invalid_votes	0.5	ocr
01054138	49	12	cdu	33.7	ocr
01054138	49	12	fdp	2.3	ocr
01054138	49	12	ssw	9.0	ocr
01054138	49	12	dkp	0.1	ocr
01054138	49	12	gruene	2.9	ocr
01054140	48	13	without_certificate	94.5	ocr
01054140	48	13	with_certificate	5.5	ocr
01054140	48	13	number_voters	74.3	ocr
01054140	49	13	spd	27.2	ocr
01054140	49	13	fdp	3.7	ocr
01054140	49	13	gruene	3.7	ocr
01054141	48	14	without_certificate	88.2	ocr
01054141	48	14	with_certificate	11.8	ocr
01054141	48	14	number_voters	75.5	ocr
01054141	49	14	spd	40.2	ocr
01054141	49	14	fdp	3.9	ocr
01054141	49	14	ssw	2.2	ocr
01054141	49	14	gruene	1.7	ocr
01054142	48	15	without_certificate	95.9	ocr
01054142	48	15	with_certificate	4.1	ocr
01054142	48	15	number_voters	81.4	ocr
01054142	49	15	spd	29.1	ocr
01054142	49	15	ssw	0.8	ocr
01054142	49	15	dkp	0.4	ocr
01054142	49	15	gruene	2.1	ocr
01054143	48	16	without_certificate	84.9	ocr
01054143	48	16	with_certificate	15.1	ocr
01054143	48	16	number_voters	73.4	ocr
01054143	49	16	spd	19.0	ocr
01054143	49	16	fdp	3.6	ocr
01054143	49	16	ssw	2.0	ocr
01054143	49	16	gruene	8.1	ocr
01054144	48	17	without_certificate	95.5	ocr
01054144	48	17	with_certificate	4.5	ocr
01054144	48	17	number_voters	83.6	ocr
01054144	48	17	invalid_votes	0.4	ocr
01054144	49	17	spd	29.9	ocr
01054144	49	17	fdp	1.8	ocr
01054144	49	17	ssw	1.0	ocr
01054144	49	17	dkp	0.1	ocr
01054144	49	17	gruene	3.1	ocr
01054145	48	18	without_certificate	86.1	ocr
01054145	48	18	with_certificate	13.9	ocr
01054145	48	18	number_voters	75.4	ocr
01054145	49	18	spd	28.4	ocr
01054145	49	18	fdp	7.8	ocr
01054145	49	18	ssw	22.7	ocr
01054145	49	18	dkp	0.7	ocr
01054145	49	18	gruene	6.4	ocr
01054146	48	19	without_certificate	94.2	ocr
01054146	48	19	with_certificate	5.8	ocr
01054146	48	19	number_voters	83.7	ocr
01054146	49	19	spd	17.2	ocr
01054146	49	19	fdp	1.1	ocr
01054146	49	19	ssw	1.1	ocr
01054146	49	19	gruene	2.3	ocr
01054148	48	20	without_certificate	85.7	ocr
01054148	48	20	with_certificate	14.3	ocr
01054148	48	20	number_voters	75.0	ocr
01054148	49	20	spd	26.2	ocr
01054148	49	20	ssw	13.5	ocr
01054149	48	21	without_certificate	70.0	ocr
01054149	48	21	with_certificate	30.0	ocr
01054149	48	21	number_voters	56.5	ocr
01054149	48	21	invalid_votes	0.1	ocr
01054149	49	21	spd	31.6	ocr
01054149	49	21	fdp	2.7	ocr
01054149	49	21	ssw	3.4	ocr
01054149	49	21	dkp	0.1	ocr
01054149	49	21	gruene	6.0	ocr
01054150	48	22	without_certificate	90.2	ocr
01054150	48	22	with_certificate	9.8	ocr
01054150	48	22	number_voters	75.5	ocr
01054150	49	22	spd	27.8	ocr
01054150	49	22	fdp	2.8	ocr
01054150	49	22	ssw	9.3	ocr
01054150	49	22	gruene	2.8	ocr
01054151	48	23	without_certificate	80.8	ocr
01054151	48	23	with_certificate	19.2	ocr
01054151	48	23	number_voters	59.4	ocr
01054151	48	23	invalid_votes	0.3	ocr
01054151	49	23	spd	41.3	ocr
01054151	49	23	fdp	1.9	ocr
01054151	49	23	ssw	6.1	ocr
01054151	49	23	dkp	0.1	ocr
01054151	49	23	gruene	4.7	ocr
01054152	48	24	without_certificate	92.4	ocr
01054152	48	24	with_certificate	7.6	ocr
01054152	48	24	number_voters	81.1	ocr
01054152	49	24	spd	31.7	ocr
01054152	49	24	fdp	2.0	ocr
01054152	49	24	ssw	4.8	ocr
01054152	49	24	gruene	1.7	ocr
01054152	49	24	einzelbewerber_llsh	0.2	ocr
01054154	48	25	without_certificate	94.5	ocr
01054154	48	25	with_certificate	5.5	ocr
01054154	48	25	number_voters	81.7	ocr
01054154	48	25	invalid_votes	0.4	ocr
01054154	49	25	spd	12.6	ocr
01054154	49	25	ssw	8.1	ocr
01054154	49	25	gruene	2.3	ocr
01054156	50	1	without_certificate	97.5	ocr
01054156	50	1	with_certificate	2.5	ocr
01054156	50	1	number_voters	82.7	ocr
01054156	51	1	spd	26.7	ocr
01054156	51	1	fdp	1.4	ocr
01054156	51	1	ssw	2.1	ocr
01054156	51	1	gruene	3.3	ocr
01054157	51	2	spd	45.3	ocr
01054157	51	2	gruene	1.6	ocr
01054158	50	3	without_certificate	70.0	ocr
01054158	50	3	with_certificate	30.0	ocr
01054158	50	3	number_voters	62.0	ocr
01054158	51	3	spd	3.2	ocr
01054158	51	3	ssw	12.9	ocr
01054158	51	3	gruene	16.1	ocr
01054159	50	4	without_certificate	97.4	ocr
01054159	50	4	with_certificate	2.6	ocr
01054159	50	4	number_voters	80.9	ocr
01054159	51	4	spd	22.7	ocr
01054159	51	4	fdp	1.6	ocr
01054159	51	4	dkp	0.2	ocr
01054159	51	4	gruene	1.6	ocr
01054160	50	5	without_certificate	79.5	ocr
01054160	50	5	with_certificate	20.5	ocr
01054160	50	5	invalid_votes	0.7	ocr
01054160	51	5	spd	43.2	ocr
01054160	51	5	fdp	0.7	ocr
01054160	51	5	ssw	1.4	ocr
01054160	51	5	gruene	3.2	ocr
01054161	50	6	without_certificate	93.6	ocr
01054161	50	6	with_certificate	6.4	ocr
01054161	50	6	number_voters	77.7	ocr
01054161	50	6	invalid_votes	0.6	ocr
01054161	51	6	spd	38.4	ocr
01054161	51	6	fdp	1.7	ocr
01054161	51	6	ssw	2.3	ocr
01054161	51	6	dkp	0.2	ocr
01054161	51	6	gruene	3.6	ocr
01054162	50	7	without_certificate	92.3	ocr
01054162	50	7	with_certificate	7.7	ocr
01054162	50	7	number_voters	80.1	ocr
01054162	51	7	cdu	38.0	ocr
01054162	51	7	fdp	2.0	ocr
01054162	51	7	ssw	2.4	ocr
01054162	51	7	dkp	0.4	ocr
01054162	51	7	gruene	4.0	ocr
01054163	50	8	without_certificate	91.1	ocr
01054163	50	8	with_certificate	8.9	ocr
01054163	50	8	number_voters	72.6	ocr
01054163	50	8	invalid_votes	1.1	ocr
01054163	51	8	spd	39.7	ocr
01054163	51	8	fdp	1.5	ocr
01054163	51	8	ssw	1.9	ocr
01054163	51	8	dkp	0.4	ocr
01054163	51	8	gruene	5.6	ocr
01054164	50	9	without_certificate	84.4	ocr
01054164	50	9	with_certificate	15.6	ocr
01054164	50	9	number_voters	66.1	ocr
01054164	50	9	invalid_votes	0.8	ocr
01054164	51	9	spd	38.0	ocr
01054164	51	9	fdp	1.3	ocr
01054164	51	9	ssw	1.1	ocr
01054164	51	9	gruene	8.0	ocr
01054165	50	10	without_certificate	91.8	ocr
01054165	50	10	with_certificate	8.2	ocr
01054165	50	10	number_voters	76.3	ocr
01054165	50	10	invalid_votes	0.7	ocr
01054165	51	10	spd	23.9	ocr
01054165	51	10	fdp	1.9	ocr
01054165	51	10	ssw	6.7	ocr
01054165	51	10	gruene	8.0	ocr
01054166	50	11	without_certificate	92.4	ocr
01054166	50	11	with_certificate	7.6	ocr
01054166	50	11	number_voters	75.4	ocr
01054166	50	11	invalid_votes	0.6	ocr
01054166	51	11	spd	39.9	ocr
01054166	51	11	fdp	1.6	ocr
01054166	51	11	ssw	3.0	ocr
01054166	51	11	gruene	5.8	ocr
01054167	50	12	without_certificate	90.3	ocr
01054167	50	12	with_certificate	9.7	ocr
01054167	50	12	number_voters	75.4	ocr
01054167	50	12	invalid_votes	0.3	ocr
01054167	51	12	spd	24.7	ocr
01054167	51	12	fdp	2.8	ocr
01054167	51	12	ssw	3.1	ocr
01054167	51	12	dkp	0.2	ocr
01054167	51	12	gruene	3.6	ocr
01055001	52	1	without_certificate	92.9	ocr
01055001	52	1	with_certificate	7.1	ocr
01055001	52	1	number_voters	77.7	ocr
01055001	52	1	invalid_votes	0.3	ocr
01055001	53	1	spd	45.9	ocr
01055001	53	1	fdp	1.4	ocr
01055001	53	1	dgl	0.2	ocr
01055001	53	1	gruene	2.1	ocr
01055002	52	2	without_certificate	93.3	ocr
01055002	52	2	with_certificate	6.7	ocr
01055002	52	2	number_voters	82.4	ocr
01055002	52	2	invalid_votes	0.6	ocr
01055002	53	2	spd	42.7	ocr
01055002	53	2	fdp	0.5	ocr
01055002	53	2	dkp	0.2	ocr
01055002	53	2	dgl	0.2	ocr
01055002	53	2	gruene	1.3	ocr
01055004	52	3	without_certificate	91.0	ocr
01055004	52	3	with_certificate	9.0	ocr
01055004	52	3	number_voters	76.4	ocr
01055004	52	3	invalid_votes	0.3	ocr
01055004	53	3	spd	46.4	ocr
01055004	53	3	fdp	2.0	ocr
01055004	53	3	dgl	0.2	ocr
01055004	53	3	gruene	1.8	ocr
01055005	52	4	without_certificate	90.0	ocr
01055005	52	4	with_certificate	10.0	ocr
01055005	52	4	number_voters	75.6	ocr
01055005	52	4	invalid_votes	0.4	ocr
01055005	53	4	cdu	43.6	ocr
01055005	53	4	fdp	0.7	ocr
01055005	53	4	dkp	0.1	ocr
01055005	53	4	gruene	2.2	ocr
01055006	52	5	without_certificate	91.1	ocr
01055006	52	5	with_certificate	8.9	ocr
01055006	52	5	number_voters	77.6	ocr
01055006	52	5	invalid_votes	0.3	ocr
01055006	53	5	spd	42.9	ocr
01055006	53	5	fdp	1.4	ocr
01055006	53	5	dgl	0.3	ocr
01055006	53	5	fp	0.3	ocr
01055007	52	6	without_certificate	92.7	ocr
01055007	52	6	with_certificate	7.3	ocr
01055007	52	6	number_voters	82.1	ocr
01055007	52	6	invalid_votes	0.4	ocr
01055007	53	6	spd	41.6	ocr
01055007	53	6	fdp	0.9	ocr
01055007	53	6	dkp	0.1	ocr
01055007	53	6	dgl	0.4	ocr
01055007	53	6	gruene	2.6	ocr
01055007	53	6	fp	0.1	visual
01055008	52	7	without_certificate	89.6	ocr
01055008	52	7	with_certificate	10.4	ocr
01055008	52	7	number_voters	73.6	ocr
01055008	52	7	invalid_votes	0.3	ocr
01055008	53	7	cdu	47.4	ocr
01055008	53	7	fdp	1.2	visual
01055008	53	7	gruene	2.1	ocr
01055008	53	7	fp	0.2	ocr
01055010	52	8	without_certificate	80.2	ocr
01055010	52	8	with_certificate	19.8	ocr
01055010	52	8	number_voters	67.4	ocr
01055010	52	8	invalid_votes	0.6	visual
01055010	53	8	spd	35.6	ocr
01055010	53	8	fdp	3.0	ocr
01055010	53	8	dgl	0.3	ocr
01055010	53	8	gruene	1.4	ocr
01055010	53	8	fp	0.1	ocr
01055011	52	9	without_certificate	91.9	ocr
01055011	52	9	with_certificate	8.1	ocr
01055011	52	9	number_voters	84.0	ocr
01055011	53	9	cdu	38.5	ocr
01055011	53	9	dkp	0.3	ocr
01055011	53	9	gruene	3.4	ocr
01055012	52	10	without_certificate	87.8	ocr
01055012	52	10	with_certificate	12.2	ocr
01055012	52	10	number_voters	74.2	ocr
01055012	52	10	invalid_votes	0.2	ocr
01055012	53	10	spd	44.9	ocr
01055012	53	10	fdp	2.1	ocr
01055012	53	10	dkp	0.1	ocr
01055012	53	10	dgl	0.2	ocr
01055012	53	10	gruene	2.2	ocr
01055012	53	10	fp	0.1	ocr
01055014	52	11	without_certificate	90.4	ocr
01055014	52	11	with_certificate	9.6	ocr
01055014	52	11	number_voters	82.0	ocr
01055014	52	11	invalid_votes	0.2	ocr
01055014	53	11	cdu	39.9	ocr
01055014	53	11	fdp	2.5	ocr
01055014	53	11	dgl	0.4	ocr
01055014	53	11	gruene	2.7	ocr
01055015	52	12	without_certificate	92.9	ocr
01055015	52	12	with_certificate	7.1	ocr
01055015	52	12	number_voters	82.5	ocr
01055015	52	12	invalid_votes	0.3	ocr
01055015	53	12	spd	47.7	ocr
01055015	53	12	fdp	0.9	ocr
01055015	53	12	dkp	0.1	ocr
01055015	53	12	dgl	0.4	ocr
01055015	53	12	gruene	2.6	ocr
01055015	53	12	fp	0.1	ocr
01055016	52	13	without_certificate	85.1	ocr
01055016	52	13	with_certificate	14.9	ocr
01055016	52	13	number_voters	68.7	ocr
01055016	52	13	invalid_votes	0.5	ocr
01055016	53	13	spd	37.1	ocr
01055016	53	13	fdp	2.3	ocr
01055016	53	13	dkp	0.1	ocr
01055016	53	13	dgl	0.2	visual
01055016	53	13	gruene	1.8	ocr
01055016	53	13	fp	0.3	ocr
01055017	52	14	without_certificate	87.7	ocr
01055017	52	14	with_certificate	12.3	ocr
01055017	52	14	number_voters	74.4	ocr
01055017	52	14	invalid_votes	0.3	visual
01055017	53	14	spd	39.1	ocr
01055017	53	14	fdp	5.5	ocr
01055017	53	14	dkp	0.1	ocr
01055017	53	14	gruene	2.1	ocr
01055017	53	14	fp	0.1	ocr
01055018	52	15	without_certificate	89.0	ocr
01055018	52	15	with_certificate	11.0	ocr
01055018	52	15	number_voters	82.4	ocr
01055018	52	15	invalid_votes	0.3	ocr
01055018	53	15	spd	43.8	ocr
01055018	53	15	fdp	0.3	ocr
01055018	53	15	gruene	1.7	ocr
01055020	52	16	without_certificate	93.7	ocr
01055020	52	16	with_certificate	6.3	ocr
01055020	52	16	number_voters	84.3	ocr
01055020	53	16	cdu	44.2	ocr
01055020	53	16	fdp	1.5	ocr
01055020	53	16	gruene	3.2	ocr
01055021	52	17	with_certificate	10.0	ocr
01055021	52	17	number_voters	71.8	ocr
01055021	52	17	invalid_votes	0.4	ocr
01055021	53	17	cdu	46.4	ocr
01055021	53	17	fdp	1.4	ocr
01055021	53	17	dgl	0.2	ocr
01055021	53	17	gruene	2.8	ocr
01055021	53	17	fp	0.1	ocr
01055022	52	18	without_certificate	92.0	ocr
01055022	52	18	with_certificate	8.0	ocr
01055022	52	18	invalid_votes	0.5	ocr
01055022	53	18	cdu	41.2	ocr
01055022	53	18	fdp	0.2	ocr
01055022	53	18	dgl	0.3	ocr
01055022	53	18	gruene	1.9	ocr
01055023	52	19	without_certificate	92.7	ocr
01055023	52	19	with_certificate	7.3	ocr
01055023	52	19	number_voters	76.0	ocr
01055023	53	19	spd	44.7	ocr
01055023	53	19	fdp	2.6	ocr
01055023	53	19	gruene	1.8	ocr
01055024	52	20	without_certificate	94.1	ocr
01055024	52	20	with_certificate	5.9	ocr
01055024	52	20	number_voters	81.7	ocr
01055024	52	20	invalid_votes	0.1	ocr
01055024	53	20	spd	41.5	ocr
01055024	53	20	fdp	1.1	ocr
01055024	53	20	dgl	0.4	ocr
01055024	53	20	gruene	3.9	ocr
01055024	53	20	fp	0.3	visual
01055025	52	21	without_certificate	80.8	ocr
01055025	52	21	with_certificate	19.2	ocr
01055025	52	21	number_voters	64.9	ocr
01055025	52	21	invalid_votes	0.2	ocr
01055025	53	21	spd	43.4	ocr
01055025	53	21	fdp	2.0	ocr
01055025	53	21	gruene	0.8	ocr
01055025	53	21	fp	0.2	visual
01055026	52	22	without_certificate	90.1	ocr
01055026	52	22	with_certificate	9.9	ocr
01055026	52	22	number_voters	77.4	ocr
01055026	52	22	invalid_votes	0.3	ocr
01055026	53	22	cdu	33.8	ocr
01055026	53	22	fdp	0.8	ocr
01055026	53	22	dkp	0.2	ocr
01055026	53	22	dgl	0.1	ocr
01055026	53	22	gruene	2.1	ocr
01055026	53	22	fp	0.1	ocr
01055027	52	23	without_certificate	89.8	ocr
01055027	52	23	with_certificate	10.2	ocr
01055027	52	23	number_voters	77.4	ocr
01055027	52	23	invalid_votes	0.3	ocr
01055027	53	23	spd	46.8	ocr
01055027	53	23	fdp	1.8	ocr
01055027	53	23	dkp	0.1	ocr
01055027	53	23	dgl	0.3	ocr
01055027	53	23	gruene	1.1	ocr
01055027	53	23	fp	0.2	ocr
01055028	52	24	without_certificate	90.3	ocr
01055028	52	24	with_certificate	9.7	ocr
01055028	52	24	number_voters	77.5	ocr
01055028	52	24	invalid_votes	0.4	ocr
01055028	53	24	spd	38.0	ocr
01055028	53	24	fdp	3.2	ocr
01055028	53	24	dgl	0.3	ocr
01055028	53	24	fp	0.2	ocr
01055029	52	25	without_certificate	95.6	ocr
01055029	52	25	with_certificate	4.4	ocr
01055029	52	25	number_voters	79.0	ocr
01055029	53	25	cdu	47.7	ocr
01055029	53	25	fdp	0.5	ocr
01055029	53	25	gruene	1.4	ocr
01055031	54	1	without_certificate	88.5	ocr
01055031	54	1	with_certificate	11.5	ocr
01055031	54	1	number_voters	77.4	ocr
01055031	54	1	invalid_votes	0.3	ocr
01055031	55	1	cdu	47.2	ocr
01055031	55	1	fdp	0.8	ocr
01055031	55	1	dkp	0.5	ocr
01055031	55	1	dgl	0.2	ocr
01055031	55	1	gruene	1.1	ocr
01055032	54	2	without_certificate	89.6	ocr
01055032	54	2	with_certificate	10.4	ocr
01055032	54	2	number_voters	75.6	ocr
01055032	54	2	invalid_votes	0.3	visual
01055032	55	2	spd	43.7	ocr
01055032	55	2	fdp	2.9	ocr
01055032	55	2	dkp	0.1	ocr
01055032	55	2	dgl	0.3	ocr
01055032	55	2	gruene	2.1	ocr
01055032	55	2	fp	0.3	ocr
01055033	54	3	without_certificate	90.7	ocr
01055033	54	3	with_certificate	9.3	ocr
01055033	54	3	number_voters	76.8	ocr
01055033	54	3	invalid_votes	0.2	ocr
01055033	55	3	spd	46.1	ocr
01055033	55	3	fdp	1.7	ocr
01055033	55	3	dkp	0.1	ocr
01055033	55	3	dgl	0.2	ocr
01055033	55	3	gruene	1.8	ocr
01055033	55	3	fp	0.2	ocr
01055035	54	4	without_certificate	94.1	ocr
01055035	54	4	with_certificate	5.9	ocr
01055035	54	4	number_voters	80.6	ocr
01055035	54	4	invalid_votes	0.3	ocr
01055035	55	4	cdu	47.9	ocr
01055035	55	4	fdp	2.1	ocr
01055035	55	4	dgl	0.2	ocr
01055035	55	4	gruene	1.8	ocr
01055036	54	5	without_certificate	92.4	ocr
01055036	54	5	with_certificate	7.6	ocr
01055036	54	5	number_voters	81.7	ocr
01055036	54	5	invalid_votes	0.5	ocr
01055036	55	5	spd	39.6	ocr
01055036	55	5	fdp	0.3	ocr
01055036	55	5	dkp	0.3	ocr
01055036	55	5	gruene	1.8	ocr
01055036	55	5	fp	0.3	visual
01055037	54	6	without_certificate	93.4	ocr
01055037	54	6	with_certificate	6.6	ocr
01055037	54	6	number_voters	79.4	ocr
01055037	54	6	invalid_votes	0.4	ocr
01055037	55	6	fdp	1.7	ocr
01055037	55	6	dkp	0.1	ocr
01055037	55	6	dgl	0.5	ocr
01055037	55	6	gruene	2.2	ocr
01055038	54	7	without_certificate	94.1	ocr
01055038	54	7	with_certificate	5.9	ocr
01055038	54	7	number_voters	80.8	ocr
01055038	54	7	invalid_votes	0.4	visual
01055038	55	7	spd	39.3	ocr
01055038	55	7	fdp	1.0	ocr
01055038	55	7	dkp	0.1	ocr
01055038	55	7	dgl	0.2	ocr
01055038	55	7	gruene	2.2	ocr
01055038	55	7	fp	0.1	ocr
01055039	54	8	without_certificate	82.5	ocr
01055039	54	8	with_certificate	17.5	visual
01055039	54	8	number_voters	64.7	ocr
01055039	54	8	invalid_votes	0.4	ocr
01055039	55	8	spd	44.9	ocr
01055039	55	8	fdp	2.4	ocr
01055039	55	8	dkp	0.1	ocr
01055039	55	8	dgl	0.7	ocr
01055039	55	8	gruene	1.6	ocr
01055039	55	8	fp	0.1	ocr
01055040	54	9	without_certificate	93.4	ocr
01055040	54	9	with_certificate	6.6	ocr
01055040	54	9	number_voters	81.8	ocr
01055040	54	9	invalid_votes	0.3	ocr
01055040	55	9	spd	45.2	ocr
01055040	55	9	fdp	1.6	ocr
01055040	55	9	dgl	0.2	ocr
01055040	55	9	gruene	2.0	ocr
01055041	54	10	without_certificate	92.8	ocr
01055041	54	10	with_certificate	7.2	ocr
01055041	54	10	number_voters	81.0	ocr
01055041	54	10	invalid_votes	0.3	ocr
01055041	55	10	cdu	45.9	ocr
01055041	55	10	fdp	1.9	ocr
01055041	55	10	dgl	0.2	ocr
01055041	55	10	gruene	1.8	ocr
01055041	55	10	fp	0.2	ocr
01055042	54	11	without_certificate	86.9	ocr
01055042	54	11	with_certificate	13.1	ocr
01055042	54	11	number_voters	71.9	ocr
01055042	55	11	spd	36.9	ocr
01055042	55	11	fdp	2.5	ocr
01055042	55	11	dkp	0.1	ocr
01055042	55	11	dgl	0.2	ocr
01055042	55	11	gruene	2.0	ocr
01055043	54	12	without_certificate	92.8	ocr
01055043	54	12	with_certificate	7.2	ocr
01055043	54	12	number_voters	83.1	ocr
01055043	54	12	invalid_votes	0.3	ocr
01055043	55	12	spd	48.2	ocr
01055043	55	12	fdp	1.1	ocr
01055043	55	12	dkp	0.1	ocr
01055043	55	12	gruene	1.1	ocr
01055044	54	13	without_certificate	87.2	ocr
01055044	54	13	with_certificate	12.8	ocr
01055044	54	13	number_voters	74.3	ocr
01055044	54	13	invalid_votes	0.2	ocr
01055044	55	13	spd	40.2	ocr
01055044	55	13	fdp	3.8	ocr
01055044	55	13	dkp	0.1	ocr
01055044	55	13	gruene	2.0	ocr
01055045	54	14	without_certificate	84.8	ocr
01055045	54	14	with_certificate	15.2	ocr
01055045	54	14	number_voters	73.8	ocr
01055045	54	14	invalid_votes	0.3	ocr
01055045	55	14	cdu	43.5	ocr
01055045	55	14	fdp	0.2	ocr
01055045	55	14	dgl	0.3	ocr
01055045	55	14	gruene	2.2	ocr
01056001	56	1	without_certificate	91.5	ocr
01056001	56	1	with_certificate	8.5	ocr
01056001	56	1	number_voters	78.0	ocr
01056001	56	1	invalid_votes	0.3	ocr
01056001	57	1	spd	39.0	ocr
01056001	57	1	fdp	3.6	ocr
01056001	57	1	dkp	0.1	ocr
01056001	57	1	gruene	3.1	ocr
01056002	57	2	spd	42.1	ocr
01056002	57	2	fdp	2.3	ocr
01056002	57	2	dkp	2.8	ocr
01056002	57	2	gruene	3.4	ocr
01056003	56	3	without_certificate	96.6	ocr
01056003	56	3	with_certificate	3.4	ocr
01056003	56	3	number_voters	85.5	ocr
01056003	57	3	spd	18.3	ocr
01056003	57	3	fdp	1.7	ocr
01056003	57	3	gruene	3.0	ocr
01056004	56	4	without_certificate	95.2	ocr
01056004	56	4	with_certificate	4.8	ocr
01056004	56	4	number_voters	89.8	ocr
01056004	56	4	invalid_votes	1.2	ocr
01056004	57	4	spd	39.0	ocr
01056004	57	4	fdp	0.5	ocr
01056004	57	4	gruene	2.9	ocr
01056005	56	5	without_certificate	90.4	ocr
01056005	56	5	with_certificate	9.6	ocr
01056005	56	5	number_voters	80.9	ocr
01056005	56	5	invalid_votes	0.4	ocr
01056006	56	6	without_certificate	96.2	ocr
01056006	56	6	with_certificate	3.8	ocr
01056006	56	6	number_voters	87.1	ocr
01056006	56	6	invalid_votes	0.3	ocr
01056006	57	6	spd	21.6	ocr
01056006	57	6	fdp	2.0	ocr
01056006	57	6	gruene	5.4	ocr
01056008	56	7	without_certificate	89.6	ocr
01056008	56	7	with_certificate	10.4	ocr
01056008	56	7	number_voters	78.8	ocr
01056008	56	7	invalid_votes	0.3	ocr
01056008	57	7	spd	32.0	ocr
01056008	57	7	fdp	3.0	ocr
01056008	57	7	gruene	4.2	ocr
01056009	56	8	without_certificate	94.1	ocr
01056009	56	8	with_certificate	5.9	ocr
01056009	56	8	number_voters	85.8	ocr
01056009	57	8	spd	42.4	ocr
01056009	57	8	fdp	2.1	ocr
01056009	57	8	ssw	0.4	ocr
01056009	57	8	dkp	0.1	ocr
01056009	57	8	gruene	3.0	ocr
01056010	56	9	without_certificate	95.3	ocr
01056010	56	9	with_certificate	4.7	ocr
01056010	56	9	number_voters	84.5	ocr
01056010	56	9	invalid_votes	0.5	ocr
01056010	57	9	spd	32.4	ocr
01056010	57	9	fdp	2.6	ocr
01056010	57	9	gruene	2.1	ocr
01056011	56	10	without_certificate	96.9	ocr
01056011	56	10	with_certificate	3.1	ocr
01056011	56	10	number_voters	85.1	ocr
01056011	57	10	spd	30.9	ocr
01056011	57	10	fdp	1.0	ocr
01056011	57	10	gruene	5.7	ocr
01056013	56	11	without_certificate	90.4	ocr
01056013	56	11	with_certificate	9.6	visual
01056013	56	11	number_voters	79.4	ocr
01056013	56	11	invalid_votes	0.1	ocr
01056013	57	11	spd	35.4	ocr
01056013	57	11	fdp	5.7	ocr
01056013	57	11	ssw	0.3	ocr
01056013	57	11	dkp	0.1	ocr
01056013	57	11	gruene	4.2	ocr
01056014	56	12	without_certificate	93.8	ocr
01056014	56	12	with_certificate	6.2	ocr
01056014	56	12	number_voters	83.6	ocr
01056014	56	12	invalid_votes	0.6	ocr
01056014	57	12	spd	26.8	ocr
01056014	57	12	fdp	1.6	ocr
01056014	57	12	ssw	0.2	ocr
01056014	57	12	dkp	0.3	ocr
01056014	57	12	gruene	3.0	ocr
01056015	56	13	without_certificate	91.4	ocr
01056015	56	13	with_certificate	8.6	ocr
01056015	56	13	number_voters	75.9	ocr
01056015	56	13	invalid_votes	0.4	ocr
01056015	57	13	cdu	42.4	ocr
01056015	57	13	fdp	2.3	ocr
01056015	57	13	gruene	3.8	ocr
01056016	56	14	without_certificate	92.5	ocr
01056016	56	14	with_certificate	7.5	ocr
01056016	56	14	number_voters	84.1	ocr
01056016	56	14	invalid_votes	1.1	ocr
01056016	57	14	spd	36.0	ocr
01056016	57	14	fdp	2.6	ocr
01056016	57	14	gruene	4.5	ocr
01056017	56	15	without_certificate	93.0	ocr
01056017	56	15	with_certificate	7.0	ocr
01056017	56	15	number_voters	86.5	ocr
01056017	57	15	spd	18.8	ocr
01056017	57	15	fdp	1.3	ocr
01056017	57	15	dkp	0.6	ocr
01056017	57	15	gruene	2.5	ocr
01056018	56	16	without_certificate	91.1	ocr
01056018	56	16	with_certificate	8.9	ocr
01056018	56	16	number_voters	78.1	ocr
01056018	56	16	invalid_votes	0.3	ocr
01056018	57	16	spd	41.9	ocr
01056018	57	16	fdp	3.1	ocr
01056018	57	16	gruene	5.0	ocr
01056019	56	17	without_certificate	93.8	ocr
01056019	56	17	with_certificate	6.3	ocr
01056019	56	17	number_voters	85.6	ocr
01056019	56	17	invalid_votes	0.2	ocr
01056019	57	17	spd	30.2	ocr
01056019	57	17	fdp	0.8	ocr
01056019	57	17	dkp	0.3	ocr
01056019	57	17	gruene	2.6	ocr
01056020	56	18	without_certificate	91.1	ocr
01056020	56	18	with_certificate	8.9	ocr
01056020	56	18	number_voters	83.3	ocr
01056020	56	18	invalid_votes	0.4	ocr
01056020	57	18	spd	32.9	ocr
01056020	57	18	fdp	3.0	ocr
01056020	57	18	dkp	0.1	ocr
01056020	57	18	gruene	3.7	ocr
01056021	56	19	without_certificate	89.2	ocr
01056021	56	19	with_certificate	10.8	ocr
01056021	56	19	number_voters	79.9	ocr
01056021	56	19	invalid_votes	0.3	ocr
01056021	57	19	spd	37.3	ocr
01056021	57	19	fdp	3.6	ocr
01056021	57	19	ssw	0.3	ocr
01056021	57	19	gruene	5.6	ocr
01056022	56	20	without_certificate	96.0	visual
01056022	56	20	with_certificate	4.0	ocr
01056022	56	20	number_voters	83.6	ocr
01056022	56	20	invalid_votes	0.3	ocr
01056022	57	20	spd	27.5	ocr
01056022	57	20	fdp	1.8	ocr
01056022	57	20	ssw	0.3	ocr
01056022	57	20	gruene	2.3	ocr
01056023	56	21	without_certificate	92.6	ocr
01056023	56	21	with_certificate	7.4	ocr
01056023	56	21	number_voters	82.3	ocr
01056023	56	21	invalid_votes	0.4	ocr
01056023	57	21	spd	46.8	ocr
01056023	57	21	fdp	1.6	ocr
01056023	57	21	dkp	0.2	ocr
01056023	57	21	gruene	4.2	ocr
01056024	56	22	without_certificate	95.0	ocr
01056024	56	22	with_certificate	5.0	ocr
01056024	56	22	number_voters	82.6	ocr
01056024	56	22	invalid_votes	0.2	ocr
01056024	57	22	spd	41.0	ocr
01056024	57	22	fdp	2.3	ocr
01056024	57	22	gruene	2.6	ocr
01056025	56	23	without_certificate	79.4	ocr
01056025	56	23	with_certificate	20.6	ocr
01056025	56	23	number_voters	61.7	ocr
01056025	56	23	invalid_votes	0.3	ocr
01056025	57	23	fdp	5.9	ocr
01056025	57	23	ssw	1.0	ocr
01056025	57	23	dkp	0.1	ocr
01056025	57	23	gruene	3.8	ocr
01056026	56	24	without_certificate	96.1	ocr
01056026	56	24	with_certificate	3.9	ocr
01056026	56	24	number_voters	84.2	ocr
01056026	56	24	invalid_votes	0.5	ocr
01056026	57	24	spd	30.1	ocr
01056026	57	24	fdp	2.6	ocr
01056026	57	24	ssw	0.1	ocr
01056026	57	24	dkp	0.4	ocr
01056026	57	24	gruene	3.3	ocr
01056027	56	25	without_certificate	93.6	ocr
01056027	56	25	with_certificate	6.4	ocr
01056027	56	25	number_voters	88.9	ocr
01056027	56	25	invalid_votes	0.3	ocr
01056027	57	25	cdu	44.5	ocr
01056027	57	25	fdp	2.1	ocr
01056027	57	25	dkp	0.4	ocr
01056027	57	25	gruene	3.3	ocr
01056028	58	1	without_certificate	92.5	ocr
01056028	58	1	with_certificate	7.5	ocr
01056028	58	1	number_voters	83.5	ocr
01056028	58	1	invalid_votes	0.4	ocr
01056028	59	1	spd	40.3	ocr
01056028	59	1	fdp	2.6	ocr
01056028	59	1	dkp	0.1	ocr
01056028	59	1	gruene	5.0	ocr
01056029	58	2	without_certificate	94.0	ocr
01056029	58	2	with_certificate	6.0	ocr
01056029	58	2	number_voters	82.4	ocr
01056029	58	2	invalid_votes	0.1	ocr
01056029	59	2	spd	46.3	ocr
01056029	59	2	fdp	2.3	ocr
01056029	59	2	gruene	4.3	ocr
01056030	58	3	without_certificate	94.8	ocr
01056030	58	3	with_certificate	5.2	ocr
01056030	58	3	number_voters	81.4	ocr
01056030	58	3	invalid_votes	0.2	ocr
01056030	59	3	spd	40.5	ocr
01056030	59	3	fdp	2.0	ocr
01056030	59	3	dkp	0.2	ocr
01056030	59	3	gruene	2.3	ocr
01056031	58	4	without_certificate	95.1	ocr
01056031	58	4	with_certificate	4.9	ocr
01056031	58	4	number_voters	86.5	ocr
01056031	58	4	invalid_votes	0.2	ocr
01056031	59	4	cdu	44.3	ocr
01056031	59	4	fdp	1.2	ocr
01056031	59	4	gruene	2.9	ocr
01056032	58	5	without_certificate	79.5	ocr
01056032	58	5	with_certificate	20.5	ocr
01056032	58	5	number_voters	83.7	ocr
01056032	58	5	invalid_votes	0.4	ocr
01056032	59	5	spd	46.1	ocr
01056032	59	5	fdp	1.9	ocr
01056032	59	5	ssw	0.1	ocr
01056032	59	5	dkp	0.1	ocr
01056032	59	5	gruene	2.9	ocr
01056033	58	6	without_certificate	94.1	ocr
01056033	58	6	with_certificate	5.9	ocr
01056033	58	6	number_voters	80.5	ocr
01056033	58	6	invalid_votes	1.0	ocr
01056033	59	6	spd	37.9	ocr
01056033	59	6	fdp	2.7	ocr
01056033	59	6	gruene	5.4	ocr
01056034	58	7	without_certificate	94.0	ocr
01056034	58	7	with_certificate	6.0	ocr
01056034	58	7	number_voters	88.3	ocr
01056034	58	7	invalid_votes	0.4	ocr
01056034	59	7	spd	28.6	ocr
01056034	59	7	fdp	2.0	ocr
01056034	59	7	ssw	0.4	ocr
01056034	59	7	gruene	1.6	ocr
01056035	58	8	without_certificate	95.7	ocr
01056035	58	8	with_certificate	4.3	ocr
01056035	58	8	number_voters	87.2	ocr
01056035	59	8	spd	23.2	ocr
01056035	59	8	fdp	1.7	ocr
01056035	59	8	gruene	4.7	ocr
01056036	58	9	without_certificate	93.6	ocr
01056036	58	9	with_certificate	6.4	ocr
01056036	58	9	number_voters	80.2	ocr
01056036	58	9	invalid_votes	0.6	ocr
01056036	59	9	spd	42.4	ocr
01056036	59	9	fdp	2.1	ocr
01056036	59	9	gruene	4.1	ocr
01056037	58	10	without_certificate	93.8	ocr
01056037	58	10	with_certificate	6.2	ocr
01056037	58	10	number_voters	86.9	ocr
01056037	59	10	spd	35.8	ocr
01056037	59	10	fdp	1.4	ocr
01056037	59	10	dkp	2.2	ocr
01056037	59	10	gruene	4.3	ocr
01056038	58	11	without_certificate	95.7	ocr
01056038	58	11	with_certificate	4.3	ocr
01056038	58	11	number_voters	85.3	ocr
01056038	59	11	spd	23.9	ocr
01056038	59	11	fdp	3.9	ocr
01056038	59	11	gruene	3.9	ocr
01056039	58	12	with_certificate	10.2	ocr
01056039	58	12	number_voters	75.3	ocr
01056039	58	12	invalid_votes	0.3	ocr
01056039	59	12	spd	45.7	ocr
01056039	59	12	fdp	2.7	ocr
01056039	59	12	dkp	0.3	ocr
01056039	59	12	gruene	4.3	ocr
01056040	58	13	without_certificate	89.5	ocr
01056040	58	13	with_certificate	10.5	ocr
01056040	58	13	number_voters	80.3	visual
01056040	58	13	invalid_votes	0.2	ocr
01056040	59	13	spd	41.5	ocr
01056040	59	13	fdp	2.1	ocr
01056040	59	13	dkp	0.1	ocr
01056040	59	13	gruene	5.1	ocr
01056041	58	14	without_certificate	92.0	ocr
01056041	58	14	with_certificate	8.0	ocr
01056041	58	14	number_voters	76.2	ocr
01056041	59	14	spd	39.1	ocr
01056041	59	14	fdp	2.8	ocr
01056041	59	14	ssw	0.2	ocr
01056041	59	14	dkp	0.2	ocr
01056041	59	14	gruene	4.9	ocr
01056042	58	15	without_certificate	91.1	ocr
01056042	58	15	with_certificate	8.9	ocr
01056042	58	15	number_voters	82.1	ocr
01056042	58	15	invalid_votes	0.3	ocr
01056042	59	15	spd	31.9	ocr
01056042	59	15	fdp	2.9	ocr
01056042	59	15	gruene	7.1	ocr
01056043	58	16	without_certificate	89.8	ocr
01056043	58	16	with_certificate	10.2	ocr
01056043	58	16	number_voters	78.3	ocr
01056043	58	16	invalid_votes	0.3	ocr
01056043	59	16	spd	42.2	ocr
01056043	59	16	fdp	2.6	ocr
01056043	59	16	ssw	0.1	ocr
01056043	59	16	dkp	0.2	ocr
01056043	59	16	gruene	3.6	ocr
01056044	58	17	without_certificate	91.3	ocr
01056044	58	17	with_certificate	8.7	ocr
01056044	58	17	number_voters	76.0	visual
01056044	58	17	invalid_votes	0.3	ocr
01056044	59	17	cdu	45.4	ocr
01056044	59	17	fdp	2.8	ocr
01056044	59	17	dkp	0.1	ocr
01056044	59	17	gruene	4.5	ocr
01056045	58	18	without_certificate	93.2	ocr
01056045	58	18	with_certificate	6.8	ocr
01056045	58	18	number_voters	83.7	ocr
01056045	58	18	invalid_votes	0.4	ocr
01056045	59	18	cdu	39.1	ocr
01056045	59	18	fdp	2.9	ocr
01056045	59	18	dkp	0.2	ocr
01056045	59	18	gruene	5.4	ocr
01056046	58	19	without_certificate	95.1	ocr
01056046	58	19	with_certificate	4.9	ocr
01056046	58	19	number_voters	84.6	ocr
01056046	58	19	invalid_votes	0.8	ocr
01056046	59	19	spd	40.3	ocr
01056046	59	19	fdp	3.2	ocr
01056046	59	19	gruene	4.0	ocr
01056047	58	20	without_certificate	92.5	ocr
01056047	58	20	with_certificate	7.5	ocr
01056047	58	20	number_voters	83.8	ocr
01056047	58	20	invalid_votes	0.3	ocr
01056047	59	20	spd	39.1	ocr
01056047	59	20	fdp	4.4	ocr
01056047	59	20	ssw	0.2	ocr
01056047	59	20	dkp	0.2	ocr
01056047	59	20	gruene	3.8	ocr
01056048	58	21	without_certificate	93.6	ocr
01056048	58	21	with_certificate	6.4	ocr
01056048	58	21	number_voters	80.9	ocr
01056048	58	21	invalid_votes	0.4	ocr
01056048	59	21	cdu	46.3	ocr
01056048	59	21	fdp	2.3	ocr
01056048	59	21	dkp	0.2	ocr
01056048	59	21	gruene	4.5	ocr
01056049	58	22	without_certificate	91.6	ocr
01056049	58	22	with_certificate	8.4	ocr
01056049	58	22	number_voters	78.2	ocr
01056049	58	22	invalid_votes	0.4	ocr
01056049	59	22	cdu	45.2	ocr
01056049	59	22	fdp	2.1	ocr
01056049	59	22	gruene	3.6	ocr
01056050	58	23	without_certificate	89.4	ocr
01056050	58	23	with_certificate	10.6	ocr
01056050	58	23	number_voters	75.6	ocr
01056050	58	23	invalid_votes	0.3	ocr
01056050	59	23	cdu	43.4	ocr
01056050	59	23	fdp	3.6	ocr
01056050	59	23	dkp	0.5	ocr
01056050	59	23	gruene	5.2	ocr
01056051	58	24	without_certificate	90.4	visual
01056051	58	24	with_certificate	9.6	ocr
01056051	58	24	number_voters	82.9	ocr
01056051	58	24	invalid_votes	0.2	visual
01056051	59	24	spd	37.3	ocr
01056051	59	24	fdp	1.6	ocr
01056051	59	24	dkp	0.2	ocr
01056051	59	24	gruene	4.0	ocr
01057001	60	1	without_certificate	92.8	ocr
01057001	60	1	with_certificate	7.2	ocr
01057001	60	1	invalid_votes	0.3	ocr
01057001	61	1	spd	45.2	ocr
01057001	61	1	fdp	1.1	ocr
01057001	61	1	gruene	2.1	ocr
01057002	60	2	with_certificate	5.8	ocr
01057002	60	2	number_voters	87.6	ocr
01057002	61	2	spd	30.0	ocr
01057002	61	2	gruene	10.0	ocr
01057003	60	3	without_certificate	93.3	ocr
01057003	60	3	with_certificate	6.7	ocr
01057003	60	3	number_voters	87.9	ocr
01057003	60	3	invalid_votes	0.6	ocr
01057003	61	3	spd	39.3	ocr
01057003	61	3	fdp	1.5	ocr
01057003	61	3	gruene	1.8	ocr
01057004	60	4	without_certificate	88.9	ocr
01057004	60	4	with_certificate	11.1	ocr
01057004	60	4	number_voters	81.0	ocr
01057004	60	4	invalid_votes	0.6	ocr
01057004	61	4	spd	45.2	ocr
01057004	61	4	fdp	1.5	ocr
01057004	61	4	dkp	0.3	ocr
01057004	61	4	gruene	1.2	ocr
01057005	60	5	without_certificate	93.3	ocr
01057005	60	5	with_certificate	6.7	ocr
01057005	60	5	number_voters	81.8	ocr
01057005	61	5	spd	31.7	ocr
01057005	61	5	fdp	1.6	ocr
01057005	61	5	gruene	2.5	ocr
01057006	60	6	without_certificate	93.5	ocr
01057006	60	6	with_certificate	6.5	ocr
01057006	60	6	number_voters	91.8	ocr
01057006	61	6	cdu	41.0	ocr
01057006	61	6	fdp	1.3	ocr
01057006	61	6	dkp	0.6	ocr
01057006	61	6	gruene	1.3	ocr
01057007	60	7	without_certificate	93.8	ocr
01057007	60	7	with_certificate	6.2	ocr
01057007	60	7	number_voters	81.0	ocr
01057007	60	7	invalid_votes	0.8	ocr
01057007	61	7	spd	46.2	ocr
01057007	61	7	fdp	1.2	ocr
01057007	61	7	gruene	2.2	ocr
01057008	60	8	without_certificate	93.1	ocr
01057008	60	8	with_certificate	6.9	ocr
01057008	60	8	number_voters	82.3	ocr
01057008	60	8	invalid_votes	0.2	ocr
01057008	61	8	spd	34.8	ocr
01057008	61	8	fdp	1.4	ocr
01057008	61	8	dkp	0.2	ocr
01057008	61	8	gruene	3.1	ocr
01057009	60	9	without_certificate	85.9	ocr
01057009	60	9	with_certificate	14.1	ocr
01057009	60	9	number_voters	74.4	ocr
01057009	61	9	spd	37.7	ocr
01057009	61	9	fdp	1.4	ocr
01057009	61	9	dkp	0.1	ocr
01057009	61	9	gruene	2.4	ocr
01057010	60	10	without_certificate	95.3	ocr
01057010	60	10	with_certificate	4.7	ocr
01057010	60	10	number_voters	83.7	ocr
01057010	60	10	invalid_votes	0.4	ocr
01057010	61	10	spd	46.0	ocr
01057010	61	10	fdp	0.8	ocr
01057010	61	10	gruene	5.6	ocr
01057011	60	11	without_certificate	94.6	ocr
01057011	60	11	with_certificate	5.4	ocr
01057011	60	11	number_voters	81.0	ocr
01057011	61	11	spd	33.1	ocr
01057011	61	11	fdp	0.6	ocr
01057011	61	11	dkp	1.2	ocr
01057011	61	11	gruene	3.6	ocr
01057012	60	12	without_certificate	91.1	ocr
01057012	60	12	with_certificate	8.9	ocr
01057012	60	12	number_voters	75.0	ocr
01057012	61	12	cdu	40.5	ocr
01057012	61	12	fdp	1.2	ocr
01057012	61	12	gruene	7.7	ocr
01057013	60	13	without_certificate	96.5	ocr
01057013	60	13	with_certificate	3.5	ocr
01057013	60	13	number_voters	83.9	ocr
01057013	61	13	spd	34.8	ocr
01057013	61	13	fdp	2.1	ocr
01057013	61	13	gruene	5.6	ocr
01057015	60	14	without_certificate	92.7	ocr
01057015	60	14	with_certificate	7.3	ocr
01057015	60	14	number_voters	81.1	ocr
01057015	60	14	invalid_votes	0.4	ocr
01057015	61	14	spd	31.5	ocr
01057015	61	14	fdp	2.1	ocr
01057015	61	14	gruene	4.3	ocr
01057016	60	15	without_certificate	94.8	ocr
01057016	60	15	with_certificate	5.2	ocr
01057016	60	15	number_voters	82.9	ocr
01057016	60	15	invalid_votes	0.3	visual
01057016	61	15	spd	45.6	ocr
01057016	61	15	fdp	2.8	ocr
01057016	61	15	gruene	3.1	ocr
01057017	60	16	without_certificate	88.9	ocr
01057017	60	16	with_certificate	11.1	ocr
01057017	60	16	number_voters	84.7	ocr
01057017	61	16	spd	28.6	ocr
01057017	61	16	fdp	2.5	ocr
01057017	61	16	gruene	4.3	ocr
01057018	60	17	without_certificate	89.4	ocr
01057018	60	17	with_certificate	10.6	ocr
01057018	60	17	number_voters	74.5	ocr
01057018	61	17	spd	34.3	ocr
01057018	61	17	fdp	8.6	ocr
01057018	61	17	gruene	10.0	ocr
01057020	60	18	without_certificate	96.3	ocr
01057020	60	18	with_certificate	3.7	ocr
01057020	60	18	number_voters	84.0	ocr
01057020	60	18	invalid_votes	0.4	ocr
01057020	61	18	spd	45.8	ocr
01057020	61	18	fdp	2.7	ocr
01057021	60	19	without_certificate	95.3	ocr
01057021	60	19	with_certificate	4.7	ocr
01057021	60	19	number_voters	82.4	ocr
01057021	61	19	spd	40.9	ocr
01057021	61	19	fdp	1.9	ocr
01057021	61	19	dkp	0.2	ocr
01057021	61	19	gruene	1.7	ocr
01057022	60	20	without_certificate	91.5	ocr
01057022	60	20	with_certificate	8.5	ocr
01057022	60	20	number_voters	80.7	ocr
01057022	60	20	invalid_votes	0.3	ocr
01057022	61	20	spd	40.7	ocr
01057022	61	20	fdp	1.5	ocr
01057022	61	20	dkp	0.3	ocr
01057023	60	21	without_certificate	90.8	ocr
01057023	60	21	with_certificate	9.2	ocr
01057023	60	21	number_voters	81.7	visual
01057023	61	21	cdu	40.0	ocr
01057023	61	21	fdp	4.0	ocr
01057023	61	21	gruene	6.4	ocr
01057024	60	22	without_certificate	92.0	ocr
01057024	60	22	with_certificate	8.0	ocr
01057024	60	22	number_voters	83.3	ocr
01057024	61	22	spd	29.3	ocr
01057024	61	22	fdp	3.1	ocr
01057024	61	22	gruene	1.7	ocr
01057025	60	23	without_certificate	88.3	ocr
01057025	60	23	with_certificate	11.7	ocr
01057025	60	23	number_voters	77.7	ocr
01057025	60	23	invalid_votes	0.2	ocr
01057025	61	23	spd	42.4	ocr
01057025	61	23	fdp	3.5	ocr
01057025	61	23	gruene	2.7	ocr
01057026	60	24	without_certificate	96.5	ocr
01057026	60	24	with_certificate	3.5	ocr
01057026	60	24	number_voters	80.4	ocr
01057026	61	24	cdu	41.5	ocr
01057026	61	24	fdp	0.5	ocr
01057026	61	24	dkp	0.5	ocr
01057026	61	24	gruene	5.4	ocr
01057027	60	25	without_certificate	98.4	ocr
01057027	60	25	with_certificate	1.6	ocr
01057027	60	25	number_voters	89.8	ocr
01057027	61	25	cdu	48.4	ocr
01057027	61	25	fdp	0.4	ocr
01057027	61	25	gruene	2.2	ocr
01057028	62	1	without_certificate	96.7	ocr
01057028	62	1	with_certificate	3.3	ocr
01057028	62	1	number_voters	88.2	ocr
01057028	63	1	spd	38.1	ocr
01057028	63	1	fdp	0.4	ocr
01057028	63	1	gruene	1.7	ocr
01057029	62	2	without_certificate	94.5	ocr
01057029	62	2	with_certificate	5.5	ocr
01057029	62	2	number_voters	80.1	ocr
01057029	62	2	invalid_votes	0.2	ocr
01057029	63	2	spd	42.4	ocr
01057029	63	2	fdp	0.7	ocr
01057029	63	2	gruene	2.1	ocr
01057030	62	3	without_certificate	81.8	ocr
01057030	62	3	with_certificate	18.2	ocr
01057030	62	3	number_voters	70.6	ocr
01057030	62	3	invalid_votes	0.4	ocr
01057030	63	3	spd	40.0	ocr
01057030	63	3	fdp	1.6	ocr
01057030	63	3	gruene	2.4	ocr
01057031	62	4	without_certificate	93.8	ocr
01057031	62	4	with_certificate	6.3	ocr
01057031	62	4	number_voters	86.7	ocr
01057031	63	4	spd	34.7	ocr
01057031	63	4	fdp	2.7	ocr
01057031	63	4	gruene	5.9	ocr
01057032	62	5	without_certificate	94.3	ocr
01057032	62	5	with_certificate	5.7	ocr
01057032	62	5	number_voters	85.1	ocr
01057032	62	5	invalid_votes	0.6	ocr
01057032	63	5	spd	30.2	ocr
01057032	63	5	fdp	2.1	ocr
01057032	63	5	gruene	2.7	ocr
01057033	62	6	without_certificate	93.6	ocr
01057033	62	6	with_certificate	6.4	ocr
01057033	62	6	number_voters	86.6	ocr
01057033	62	6	invalid_votes	0.2	ocr
01057033	63	6	spd	34.8	ocr
01057033	63	6	fdp	3.9	ocr
01057033	63	6	gruene	4.3	ocr
01057034	62	7	without_certificate	94.3	ocr
01057034	62	7	with_certificate	5.7	ocr
01057034	62	7	number_voters	76.1	ocr
01057034	63	7	spd	38.1	ocr
01057034	63	7	gruene	2.2	ocr
01057035	62	8	without_certificate	94.2	ocr
01057035	62	8	with_certificate	5.8	ocr
01057035	62	8	number_voters	81.0	ocr
01057035	62	8	invalid_votes	0.3	ocr
01057035	63	8	cdu	41.9	ocr
01057035	63	8	fdp	1.0	ocr
01057035	63	8	dkp	0.3	ocr
01057035	63	8	gruene	1.8	ocr
01057036	62	9	without_certificate	91.4	ocr
01057036	62	9	with_certificate	8.6	ocr
01057036	62	9	number_voters	81.2	ocr
01057036	62	9	invalid_votes	0.3	ocr
01057036	63	9	spd	46.8	ocr
01057036	63	9	fdp	2.6	ocr
01057036	63	9	dkp	0.1	ocr
01057036	63	9	gruene	3.3	ocr
01057037	62	10	without_certificate	90.1	ocr
01057037	62	10	number_voters	78.7	ocr
01057037	62	10	invalid_votes	0.6	ocr
01057037	63	10	spd	29.1	ocr
01057037	63	10	fdp	2.5	ocr
01057037	63	10	dkp	0.6	ocr
01057037	63	10	gruene	1.9	ocr
01057038	62	11	without_certificate	93.4	ocr
01057038	62	11	with_certificate	6.6	ocr
01057038	62	11	number_voters	77.9	ocr
01057038	63	11	spd	35.8	ocr
01057038	63	11	gruene	4.2	ocr
01057039	62	12	without_certificate	96.5	ocr
01057039	62	12	with_certificate	3.5	ocr
01057039	62	12	number_voters	81.5	visual
01057039	63	12	spd	40.5	ocr
01057039	63	12	fdp	0.8	ocr
01057039	63	12	gruene	4.3	ocr
01057040	62	13	without_certificate	95.9	ocr
01057040	62	13	with_certificate	4.1	ocr
01057040	62	13	number_voters	89.5	ocr
01057040	62	13	invalid_votes	0.5	ocr
01057040	63	13	spd	39.8	ocr
01057040	63	13	gruene	2.6	ocr
01057041	62	14	without_certificate	96.5	ocr
01057041	62	14	with_certificate	3.5	ocr
01057041	62	14	number_voters	85.8	ocr
01057041	63	14	cdu	45.3	ocr
01057041	63	14	fdp	1.8	ocr
01057041	63	14	gruene	3.1	ocr
01057042	62	15	without_certificate	94.7	ocr
01057042	62	15	with_certificate	5.3	ocr
01057042	62	15	number_voters	83.9	ocr
01057042	62	15	invalid_votes	1.5	ocr
01057042	63	15	spd	46.6	ocr
01057042	63	15	fdp	1.5	ocr
01057042	63	15	dkp	0.3	ocr
01057042	63	15	gruene	1.8	ocr
01057043	62	16	without_certificate	90.8	ocr
01057043	62	16	with_certificate	9.2	ocr
01057043	62	16	number_voters	76.1	ocr
01057043	62	16	invalid_votes	0.4	ocr
01057043	63	16	cdu	45.0	ocr
01057043	63	16	fdp	2.3	ocr
01057043	63	16	gruene	2.8	ocr
01057044	62	17	without_certificate	88.5	ocr
01057044	62	17	with_certificate	11.5	ocr
01057044	62	17	number_voters	79.4	ocr
01057044	63	17	cdu	38.2	ocr
01057044	63	17	gruene	2.3	ocr
01057045	62	18	without_certificate	93.4	ocr
01057045	62	18	with_certificate	6.6	ocr
01057045	62	18	invalid_votes	0.3	ocr
01057045	63	18	cdu	46.5	ocr
01057045	63	18	gruene	3.3	ocr
01057046	62	19	without_certificate	92.1	ocr
01057046	62	19	with_certificate	7.9	ocr
01057046	62	19	invalid_votes	0.1	ocr
01057046	63	19	cdu	47.1	ocr
01057046	63	19	fdp	2.2	ocr
01057046	63	19	gruene	3.3	ocr
01057047	62	20	without_certificate	92.6	ocr
01057047	62	20	with_certificate	7.4	ocr
01057047	62	20	number_voters	84.7	ocr
01057047	62	20	invalid_votes	0.6	ocr
01057047	63	20	spd	17.0	ocr
01057047	63	20	fdp	0.6	ocr
01057047	63	20	gruene	8.2	ocr
01057048	62	21	without_certificate	91.6	ocr
01057048	62	21	with_certificate	8.4	ocr
01057048	62	21	number_voters	77.9	ocr
01057048	62	21	invalid_votes	0.3	ocr
01057048	63	21	spd	46.0	ocr
01057048	63	21	fdp	2.2	ocr
01057048	63	21	dkp	0.2	ocr
01057048	63	21	gruene	2.0	ocr
01057049	62	22	without_certificate	91.3	ocr
01057049	62	22	with_certificate	8.8	ocr
01057049	62	22	number_voters	85.0	ocr
01057049	63	22	fdp	2.0	ocr
01057049	63	22	gruene	4.9	ocr
01057050	62	23	without_certificate	95.0	ocr
01057050	62	23	with_certificate	5.0	ocr
01057050	62	23	number_voters	83.0	ocr
01057050	62	23	invalid_votes	1.8	ocr
01057050	63	23	spd	45.6	ocr
01057050	63	23	fdp	0.7	ocr
01057050	63	23	gruene	3.0	ocr
01057051	62	24	without_certificate	90.5	ocr
01057051	62	24	with_certificate	9.5	ocr
01057051	62	24	number_voters	81.7	ocr
01057051	62	24	invalid_votes	0.3	ocr
01057051	63	24	cdu	41.6	ocr
01057051	63	24	fdp	4.1	ocr
01057051	63	24	gruene	3.2	ocr
01057052	62	25	without_certificate	94.3	ocr
01057052	62	25	with_certificate	5.7	ocr
01057052	62	25	number_voters	81.2	ocr
01057052	62	25	invalid_votes	0.3	ocr
01057052	63	25	spd	37.6	ocr
01057052	63	25	fdp	0.9	ocr
01057052	63	25	gruene	3.1	ocr
01057053	64	1	without_certificate	90.7	ocr
01057053	64	1	with_certificate	9.3	ocr
01057053	64	1	number_voters	75.4	ocr
01057053	65	1	spd	37.7	ocr
01057053	65	1	fdp	0.7	ocr
01057053	65	1	gruene	5.1	ocr
01057054	64	2	without_certificate	93.4	ocr
01057054	64	2	with_certificate	6.6	ocr
01057054	64	2	number_voters	81.9	ocr
01057054	64	2	invalid_votes	0.4	ocr
01057054	65	2	spd	36.8	ocr
01057054	65	2	fdp	2.1	ocr
01057054	65	2	gruene	0.9	ocr
01057055	64	3	without_certificate	94.0	ocr
01057055	64	3	with_certificate	6.0	ocr
01057055	64	3	number_voters	81.7	ocr
01057055	64	3	invalid_votes	0.9	ocr
01057055	65	3	cdu	46.1	ocr
01057055	65	3	fdp	0.5	ocr
01057055	65	3	dkp	0.2	ocr
01057055	65	3	gruene	2.4	ocr
01057056	64	4	without_certificate	91.0	ocr
01057056	64	4	with_certificate	9.0	ocr
01057056	64	4	number_voters	79.0	ocr
01057056	65	4	spd	41.7	ocr
01057056	65	4	fdp	3.0	ocr
01057056	65	4	gruene	8.3	ocr
01057057	64	5	without_certificate	89.2	ocr
01057057	64	5	with_certificate	10.8	ocr
01057057	64	5	number_voters	76.3	ocr
01057057	64	5	invalid_votes	0.4	ocr
01057057	65	5	spd	37.5	ocr
01057057	65	5	fdp	2.8	ocr
01057057	65	5	dkp	0.1	ocr
01057057	65	5	gruene	2.6	ocr
01057058	64	6	without_certificate	90.0	ocr
01057058	64	6	with_certificate	10.0	ocr
01057058	64	6	number_voters	77.6	ocr
01057058	64	6	invalid_votes	0.4	ocr
01057058	65	6	spd	29.0	ocr
01057058	65	6	fdp	1.7	ocr
01057058	65	6	gruene	4.8	ocr
01057059	64	7	without_certificate	89.4	ocr
01057059	64	7	with_certificate	10.6	ocr
01057059	64	7	number_voters	84.8	ocr
01057059	65	7	spd	38.9	ocr
01057059	65	7	fdp	3.1	ocr
01057059	65	7	gruene	4.3	ocr
01057060	64	8	without_certificate	98.3	ocr
01057060	64	8	with_certificate	1.7	ocr
01057060	64	8	number_voters	90.6	ocr
01057060	64	8	invalid_votes	0.4	ocr
01057060	65	8	spd	43.0	ocr
01057060	65	8	fdp	0.4	ocr
01057060	65	8	gruene	3.1	ocr
01057062	64	9	without_certificate	91.7	ocr
01057062	64	9	with_certificate	8.3	ocr
01057062	64	9	number_voters	80.0	ocr
01057062	64	9	invalid_votes	0.2	ocr
01057062	65	9	cdu	44.1	ocr
01057062	65	9	fdp	2.1	ocr
01057062	65	9	dkp	0.2	ocr
01057062	65	9	gruene	2.6	ocr
01057063	64	10	without_certificate	93.4	ocr
01057063	64	10	with_certificate	6.6	ocr
01057063	64	10	number_voters	82.7	ocr
01057063	64	10	invalid_votes	0.4	ocr
01057063	65	10	spd	41.6	ocr
01057063	65	10	fdp	1.4	ocr
01057063	65	10	dkp	0.1	ocr
01057063	65	10	gruene	4.5	ocr
01057064	64	11	without_certificate	92.8	ocr
01057064	64	11	with_certificate	7.2	ocr
01057064	64	11	number_voters	81.0	ocr
01057064	64	11	invalid_votes	0.1	ocr
01057064	65	11	spd	47.0	ocr
01057064	65	11	fdp	2.6	ocr
01057064	65	11	gruene	2.4	ocr
01057065	64	12	without_certificate	94.6	ocr
01057065	64	12	with_certificate	5.4	ocr
01057065	64	12	number_voters	86.3	ocr
01057065	65	12	cdu	45.7	ocr
01057065	65	12	fdp	1.0	ocr
01057065	65	12	dkp	0.5	ocr
01057065	65	12	gruene	3.4	ocr
01057066	64	13	without_certificate	92.9	ocr
01057066	64	13	with_certificate	7.1	ocr
01057066	64	13	number_voters	85.1	ocr
01057066	64	13	invalid_votes	0.4	ocr
01057066	65	13	spd	39.3	ocr
01057066	65	13	fdp	1.4	ocr
01057066	65	13	dkp	0.8	ocr
01057066	65	13	gruene	4.8	ocr
01057067	64	14	without_certificate	93.4	ocr
01057067	64	14	with_certificate	6.6	ocr
01057067	64	14	number_voters	85.9	ocr
01057067	64	14	invalid_votes	0.3	ocr
01057067	65	14	spd	32.9	ocr
01057067	65	14	fdp	2.2	ocr
01057067	65	14	gruene	3.4	ocr
01057068	64	15	without_certificate	93.4	ocr
01057068	64	15	with_certificate	6.6	ocr
01057068	64	15	number_voters	80.7	ocr
01057068	64	15	invalid_votes	0.2	ocr
01057068	65	15	spd	22.6	ocr
01057068	65	15	fdp	0.9	ocr
01057068	65	15	gruene	1.6	ocr
01057069	64	16	without_certificate	93.9	ocr
01057069	64	16	with_certificate	6.1	ocr
01057069	64	16	number_voters	77.6	ocr
01057069	65	16	spd	34.9	ocr
01057069	65	16	fdp	2.5	ocr
01057069	65	16	dkp	0.2	ocr
01057069	65	16	gruene	4.3	ocr
01057070	64	17	without_certificate	91.3	ocr
01057070	64	17	with_certificate	8.7	ocr
01057070	64	17	number_voters	82.7	ocr
01057070	64	17	invalid_votes	0.3	ocr
01057070	65	17	spd	42.7	ocr
01057070	65	17	fdp	1.7	ocr
01057070	65	17	dkp	0.3	ocr
01057070	65	17	gruene	3.3	ocr
01057071	64	18	without_certificate	93.9	ocr
01057071	64	18	with_certificate	6.1	ocr
01057071	64	18	number_voters	85.1	ocr
01057071	65	18	spd	33.4	ocr
01057071	65	18	fdp	0.7	ocr
01057071	65	18	gruene	5.0	ocr
01057072	64	19	without_certificate	91.8	ocr
01057072	64	19	with_certificate	8.2	ocr
01057072	64	19	number_voters	83.6	ocr
01057072	65	19	cdu	44.1	ocr
01057072	65	19	fdp	2.4	ocr
01057072	65	19	gruene	4.4	ocr
01057073	64	20	without_certificate	88.9	ocr
01057073	64	20	with_certificate	11.1	ocr
01057073	64	20	number_voters	76.7	ocr
01057073	64	20	invalid_votes	0.2	ocr
01057073	65	20	spd	46.7	ocr
01057073	65	20	fdp	1.8	ocr
01057073	65	20	gruene	1.7	ocr
01057074	64	21	without_certificate	92.9	ocr
01057074	64	21	with_certificate	7.1	ocr
01057074	64	21	number_voters	80.5	ocr
01057074	64	21	invalid_votes	0.2	ocr
01057074	65	21	cdu	43.2	ocr
01057074	65	21	fdp	1.7	ocr
01057074	65	21	dkp	0.1	ocr
01057074	65	21	gruene	2.7	ocr
01057076	64	22	without_certificate	97.0	ocr
01057076	64	22	with_certificate	3.0	ocr
01057076	64	22	number_voters	83.1	ocr
01057076	64	22	invalid_votes	1.3	ocr
01057076	65	22	cdu	41.0	ocr
01057076	65	22	dkp	0.3	ocr
01057076	65	22	gruene	2.6	ocr
01057077	64	23	without_certificate	93.5	ocr
01057077	64	23	with_certificate	6.5	ocr
01057077	64	23	number_voters	82.9	ocr
01057077	64	23	invalid_votes	0.1	ocr
01057077	65	23	cdu	44.5	ocr
01057077	65	23	fdp	2.0	ocr
01057077	65	23	gruene	1.6	ocr
01057078	64	24	without_certificate	94.3	ocr
01057078	64	24	with_certificate	5.7	ocr
01057078	64	24	number_voters	84.3	ocr
01057078	65	24	cdu	46.1	ocr
01057078	65	24	fdp	2.4	ocr
01057078	65	24	gruene	2.0	ocr
01057079	64	25	without_certificate	93.6	ocr
01057079	64	25	with_certificate	6.4	ocr
01057079	64	25	number_voters	84.5	ocr
01057079	64	25	invalid_votes	0.5	ocr
01057079	65	25	spd	41.8	ocr
01057079	65	25	fdp	1.8	visual
01057079	65	25	dkp	0.3	ocr
01057079	65	25	gruene	1.3	visual
01057080	66	1	without_certificate	95.2	ocr
01057080	66	1	with_certificate	4.8	ocr
01057080	66	1	number_voters	76.7	ocr
01057080	66	1	invalid_votes	0.2	ocr
01057080	67	1	spd	42.2	ocr
01057080	67	1	fdp	1.1	ocr
01057080	67	1	gruene	5.1	ocr
01057081	66	2	without_certificate	94.8	ocr
01057081	66	2	with_certificate	5.2	ocr
01057081	66	2	number_voters	86.1	ocr
01057081	66	2	invalid_votes	0.5	ocr
01057081	67	2	spd	44.9	ocr
01057081	67	2	gruene	6.0	ocr
01057082	66	3	without_certificate	90.7	ocr
01057082	66	3	with_certificate	9.3	visual
01057082	66	3	number_voters	83.3	ocr
01057082	66	3	invalid_votes	0.9	ocr
01057082	67	3	cdu	39.5	ocr
01057082	67	3	fdp	0.9	ocr
01057082	67	3	dkp	0.4	ocr
01057082	67	3	gruene	0.4	ocr
01057083	66	4	with_certificate	8.3	ocr
01057083	66	4	number_voters	83.8	ocr
01057083	66	4	invalid_votes	0.4	ocr
01057083	67	4	spd	44.2	ocr
01057083	67	4	fdp	1.7	ocr
01057083	67	4	gruene	1.7	ocr
01057084	66	5	without_certificate	89.2	ocr
01057084	66	5	with_certificate	10.8	ocr
01057084	66	5	number_voters	83.8	ocr
01057084	67	5	spd	39.3	ocr
01057084	67	5	gruene	4.6	ocr
01057085	66	6	without_certificate	91.0	ocr
01057085	66	6	with_certificate	9.0	ocr
01057085	66	6	number_voters	76.5	ocr
01057085	66	6	invalid_votes	0.2	ocr
01057085	67	6	spd	46.0	ocr
01057085	67	6	fdp	1.9	ocr
01057085	67	6	gruene	2.1	ocr
01057086	66	7	without_certificate	95.2	ocr
01057086	66	7	with_certificate	4.8	ocr
01057086	66	7	number_voters	91.6	ocr
01057086	67	7	spd	43.8	visual
01057086	67	7	fdp	2.9	ocr
01057086	67	7	gruene	2.9	ocr
01057087	66	8	without_certificate	92.3	ocr
01057087	66	8	with_certificate	7.7	ocr
01057087	66	8	number_voters	81.6	visual
01057087	66	8	invalid_votes	0.6	ocr
01057087	67	8	cdu	31.9	ocr
01057087	67	8	fdp	1.1	ocr
01057087	67	8	gruene	2.8	ocr
01057088	66	9	without_certificate	93.0	ocr
01057088	66	9	with_certificate	7.0	ocr
01057088	66	9	number_voters	83.9	ocr
01057088	67	9	spd	42.0	ocr
01057088	67	9	fdp	1.2	ocr
01057088	67	9	gruene	2.8	ocr
01057089	66	10	without_certificate	89.1	ocr
01057089	66	10	with_certificate	10.9	ocr
01057089	66	10	number_voters	83.9	ocr
01057089	67	10	cdu	42.6	ocr
01057089	67	10	fdp	0.9	ocr
01057089	67	10	gruene	5.2	ocr
01057090	66	11	without_certificate	93.6	ocr
01057090	66	11	with_certificate	6.4	ocr
01057090	66	11	number_voters	86.0	visual
01057090	67	11	cdu	46.0	ocr
01057090	67	11	gruene	2.1	ocr
01058001	68	1	without_certificate	90.8	ocr
01058001	68	1	with_certificate	9.2	ocr
01058001	68	1	number_voters	83.3	ocr
01058001	68	1	invalid_votes	0.4	ocr
01058001	69	1	spd	40.7	ocr
01058001	69	1	fdp	1.6	ocr
01058001	69	1	ssw	0.4	ocr
01058001	69	1	dkp	0.2	ocr
01058001	69	1	dgl	0.2	ocr
01058001	69	1	gruene	3.0	ocr
01058001	69	1	fp	0.2	ocr
01058002	68	2	without_certificate	91.4	ocr
01058002	68	2	with_certificate	8.6	ocr
01058002	68	2	number_voters	85.9	ocr
01058002	69	2	spd	20.0	ocr
01058002	69	2	ssw	3.6	ocr
01058002	69	2	gruene	4.5	ocr
01058003	68	3	without_certificate	93.8	ocr
01058003	68	3	with_certificate	6.2	ocr
01058003	68	3	number_voters	82.0	ocr
01058003	68	3	invalid_votes	0.8	ocr
01058003	69	3	fdp	2.0	ocr
01058003	69	3	ssw	1.3	ocr
01058003	69	3	gruene	2.9	ocr
01058004	68	4	without_certificate	90.6	ocr
01058004	68	4	with_certificate	9.4	ocr
01058004	68	4	number_voters	75.2	ocr
01058004	69	4	spd	38.8	ocr
01058004	69	4	fdp	2.0	ocr
01058004	69	4	gruene	3.3	ocr
01058005	68	5	without_certificate	90.2	ocr
01058005	68	5	with_certificate	9.8	ocr
01058005	68	5	number_voters	80.8	ocr
01058005	68	5	invalid_votes	0.3	ocr
01058005	69	5	spd	45.4	ocr
01058005	69	5	fdp	4.2	ocr
01058005	69	5	ssw	0.6	ocr
01058005	69	5	dgl	0.2	ocr
01058005	69	5	gruene	2.7	ocr
01058005	69	5	fp	0.1	ocr
01058007	68	6	without_certificate	96.4	ocr
01058007	68	6	with_certificate	3.6	ocr
01058007	69	6	spd	28.8	ocr
01058007	69	6	fdp	0.7	ocr
01058007	69	6	gruene	1.3	ocr
01058008	68	7	without_certificate	92.9	ocr
01058008	68	7	with_certificate	7.1	ocr
01058008	68	7	number_voters	80.7	ocr
01058008	69	7	spd	33.9	ocr
01058008	69	7	fdp	2.6	ocr
01058008	69	7	ssw	3.3	ocr
01058008	69	7	gruene	2.8	ocr
01058009	68	8	without_certificate	93.8	ocr
01058009	68	8	with_certificate	6.2	ocr
01058009	68	8	number_voters	82.4	ocr
01058009	68	8	invalid_votes	0.3	ocr
01058009	69	8	spd	38.1	ocr
01058009	69	8	fdp	3.0	ocr
01058009	69	8	ssw	0.2	ocr
01058009	69	8	dkp	0.3	ocr
01058009	69	8	gruene	2.4	ocr
01058010	68	9	without_certificate	99.1	ocr
01058010	68	9	with_certificate	0.9	ocr
01058010	68	9	number_voters	89.3	ocr
01058010	69	9	spd	33.0	ocr
01058010	69	9	fdp	2.0	ocr
01058010	69	9	gruene	2.0	ocr
01058011	68	10	without_certificate	94.3	ocr
01058011	68	10	with_certificate	5.7	ocr
01058011	68	10	number_voters	77.5	ocr
01058011	68	10	invalid_votes	0.5	ocr
01058011	69	10	spd	29.9	ocr
01058011	69	10	fdp	2.1	ocr
01058011	69	10	gruene	1.0	ocr
01058012	68	11	without_certificate	93.5	ocr
01058012	68	11	with_certificate	6.5	ocr
01058012	68	11	number_voters	78.4	ocr
01058012	68	11	invalid_votes	0.1	ocr
01058012	69	11	spd	44.1	ocr
01058012	69	11	fdp	2.7	ocr
01058012	69	11	ssw	2.1	ocr
01058012	69	11	dkp	0.1	ocr
01058012	69	11	gruene	3.4	ocr
01058013	68	12	without_certificate	94.7	ocr
01058013	68	12	with_certificate	5.3	ocr
01058013	68	12	number_voters	82.3	ocr
01058013	68	12	invalid_votes	0.5	ocr
01058013	69	12	spd	27.1	ocr
01058013	69	12	fdp	2.0	ocr
01058013	69	12	ssw	1.0	ocr
01058013	69	12	gruene	1.0	ocr
01058014	68	13	without_certificate	92.1	ocr
01058014	68	13	with_certificate	7.9	ocr
01058014	68	13	number_voters	80.2	ocr
01058014	68	13	invalid_votes	0.4	ocr
01058014	69	13	spd	16.6	ocr
01058014	69	13	fdp	2.5	ocr
01058014	69	13	gruene	3.2	ocr
01058015	68	14	without_certificate	94.3	ocr
01058015	68	14	with_certificate	5.7	ocr
01058015	68	14	number_voters	83.1	ocr
01058015	68	14	invalid_votes	0.4	ocr
01058015	69	14	spd	31.8	ocr
01058015	69	14	fdp	2.7	ocr
01058015	69	14	gruene	3.6	ocr
01058016	68	15	without_certificate	94.3	ocr
01058016	68	15	with_certificate	5.7	ocr
01058016	68	15	number_voters	83.7	ocr
01058016	69	15	spd	27.2	ocr
01058016	69	15	fdp	1.9	ocr
01058016	69	15	gruene	4.9	ocr
01058017	68	16	without_certificate	91.8	ocr
01058017	68	16	with_certificate	8.2	ocr
01058017	68	16	number_voters	85.9	ocr
01058017	69	16	spd	22.6	ocr
01058017	69	16	fdp	0.7	ocr
01058017	69	16	ssw	0.7	ocr
01058017	69	16	gruene	5.5	ocr
01058018	68	17	without_certificate	95.4	ocr
01058018	68	17	with_certificate	4.6	ocr
01058018	68	17	number_voters	85.9	ocr
01058018	68	17	invalid_votes	0.7	ocr
01058018	69	17	spd	44.0	ocr
01058018	69	17	fdp	3.3	ocr
01058018	69	17	dkp	0.9	ocr
01058018	69	17	gruene	3.3	ocr
01058019	68	18	without_certificate	96.3	ocr
01058019	68	18	with_certificate	3.7	ocr
01058019	68	18	number_voters	90.8	ocr
01058019	69	18	spd	37.6	ocr
01058019	69	18	fdp	4.1	ocr
01058019	69	18	dkp	0.5	ocr
01058019	69	18	gruene	7.1	ocr
01058021	68	19	without_certificate	97.5	ocr
01058021	68	19	with_certificate	2.5	ocr
01058021	68	19	number_voters	81.8	ocr
01058021	68	19	invalid_votes	0.3	ocr
01058021	69	19	spd	34.2	ocr
01058021	69	19	fdp	0.6	ocr
01058021	69	19	ssw	1.9	ocr
01058021	69	19	gruene	5.2	ocr
01058022	68	20	without_certificate	90.5	ocr
01058022	68	20	with_certificate	9.5	ocr
01058022	68	20	number_voters	79.4	ocr
01058022	68	20	invalid_votes	0.3	ocr
01058022	69	20	spd	46.5	ocr
01058022	69	20	fdp	2.5	ocr
01058022	69	20	dkp	0.1	ocr
01058022	69	20	gruene	1.9	ocr
01058023	68	21	without_certificate	93.5	ocr
01058023	68	21	with_certificate	6.5	ocr
01058023	68	21	number_voters	81.6	ocr
01058023	69	21	spd	42.7	ocr
01058023	69	21	dkp	0.6	ocr
01058023	69	21	dgl	2.4	ocr
01058023	69	21	gruene	3.0	ocr
01058024	68	22	without_certificate	94.3	ocr
01058024	68	22	with_certificate	5.7	ocr
01058024	68	22	number_voters	86.6	ocr
01058024	68	22	invalid_votes	0.1	ocr
01058024	69	22	cdu	46.4	ocr
01058024	69	22	fdp	1.0	ocr
01058024	69	22	ssw	1.0	ocr
01058024	69	22	gruene	1.8	ocr
01058025	68	23	without_certificate	92.1	ocr
01058025	68	23	with_certificate	7.9	ocr
01058025	68	23	number_voters	78.6	ocr
01058025	69	23	spd	19.1	ocr
01058025	69	23	gruene	2.7	ocr
01058026	68	24	without_certificate	93.4	ocr
01058026	68	24	with_certificate	6.6	ocr
01058026	68	24	number_voters	81.3	ocr
01058026	68	24	invalid_votes	0.6	ocr
01058026	69	24	cdu	46.4	ocr
01058026	69	24	fdp	2.1	ocr
01058026	69	24	gruene	2.4	ocr
01058027	68	25	without_certificate	96.7	ocr
01058027	68	25	with_certificate	3.3	ocr
01058027	68	25	number_voters	79.1	ocr
01058027	69	25	spd	24.9	ocr
01058027	69	25	fdp	3.6	ocr
01058027	69	25	ssw	0.5	ocr
01058027	69	25	dkp	0.5	ocr
01058027	69	25	dgl	1.0	ocr
01058027	69	25	gruene	1.6	ocr
01058028	70	1	without_certificate	95.1	ocr
01058028	70	1	with_certificate	4.9	ocr
01058028	70	1	number_voters	81.7	ocr
01058028	70	1	invalid_votes	0.5	ocr
01058028	71	1	spd	39.9	ocr
01058028	71	1	dgl	0.3	ocr
01058028	71	1	gruene	1.9	ocr
01058029	70	2	without_certificate	95.8	ocr
01058029	70	2	with_certificate	4.2	ocr
01058029	70	2	number_voters	81.4	ocr
01058029	70	2	invalid_votes	0.1	ocr
01058029	71	2	spd	38.4	ocr
01058029	71	2	gruene	2.8	ocr
01058030	70	3	without_certificate	94.9	ocr
01058030	70	3	with_certificate	5.1	ocr
01058030	70	3	number_voters	80.7	ocr
01058030	70	3	invalid_votes	0.5	ocr
01058030	71	3	spd	39.2	ocr
01058030	71	3	fdp	0.9	ocr
01058030	71	3	ssw	4.0	ocr
01058030	71	3	gruene	3.7	ocr
01058031	70	4	without_certificate	91.0	ocr
01058031	70	4	with_certificate	9.0	ocr
01058031	70	4	number_voters	76.6	ocr
01058031	71	4	spd	25.9	ocr
01058031	71	4	gruene	1.2	ocr
01058032	70	5	without_certificate	88.0	ocr
01058032	70	5	with_certificate	12.0	ocr
01058032	70	5	number_voters	76.2	ocr
01058032	70	5	invalid_votes	0.6	ocr
01058032	71	5	spd	37.2	ocr
01058032	71	5	fdp	1.9	ocr
01058032	71	5	gruene	2.6	ocr
01058033	70	6	without_certificate	96.7	ocr
01058033	70	6	with_certificate	3.3	ocr
01058033	70	6	number_voters	85.6	ocr
01058033	70	6	invalid_votes	0.2	visual
01058033	71	6	spd	42.0	ocr
01058033	71	6	fdp	0.5	ocr
01058033	71	6	gruene	2.9	ocr
01058034	70	7	without_certificate	93.2	ocr
01058034	70	7	with_certificate	6.8	ocr
01058034	70	7	number_voters	82.5	ocr
01058034	70	7	invalid_votes	0.3	visual
01058034	71	7	cdu	38.1	ocr
01058034	71	7	ssw	1.0	visual
01058034	71	7	gruene	1.8	ocr
01058035	70	8	without_certificate	89.0	ocr
01058035	70	8	with_certificate	11.0	ocr
01058035	70	8	number_voters	77.1	ocr
01058035	70	8	invalid_votes	0.4	ocr
01058035	71	8	spd	28.7	ocr
01058035	71	8	fdp	3.2	ocr
01058035	71	8	gruene	4.0	ocr
01058036	70	9	without_certificate	92.2	ocr
01058036	70	9	with_certificate	7.8	ocr
01058036	70	9	number_voters	81.3	ocr
01058036	71	9	spd	23.7	ocr
01058036	71	9	fdp	0.6	ocr
01058036	71	9	dkp	0.6	ocr
01058036	71	9	gruene	1.3	ocr
01058037	70	10	without_certificate	92.6	ocr
01058037	70	10	with_certificate	7.4	ocr
01058037	70	10	number_voters	82.1	ocr
01058037	70	10	invalid_votes	0.4	visual
01058037	71	10	spd	40.8	visual
01058037	71	10	fdp	2.4	ocr
01058037	71	10	ssw	0.7	ocr
01058037	71	10	gruene	1.8	ocr
01058037	71	10	fp	0.1	ocr
01058038	70	11	without_certificate	93.0	ocr
01058038	70	11	with_certificate	7.0	ocr
01058038	70	11	number_voters	79.3	ocr
01058038	70	11	invalid_votes	2.0	ocr
01058038	71	11	fdp	1.2	ocr
01058038	71	11	ssw	0.4	ocr
01058038	71	11	gruene	2.5	ocr
01058038	71	11	fp	0.4	ocr
01058039	70	12	without_certificate	91.5	ocr
01058039	70	12	with_certificate	8.5	ocr
01058039	70	12	number_voters	80.4	ocr
01058039	71	12	spd	41.7	ocr
01058039	71	12	fdp	2.3	ocr
01058039	71	12	gruene	3.2	ocr
01058040	70	13	without_certificate	87.7	ocr
01058040	70	13	with_certificate	12.3	ocr
01058040	70	13	number_voters	65.3	ocr
01058040	70	13	invalid_votes	0.2	ocr
01058040	71	13	cdu	46.4	ocr
01058040	71	13	fdp	1.4	ocr
01058040	71	13	ssw	1.2	visual
01058040	71	13	gruene	1.7	ocr
01058042	70	14	without_certificate	88.3	ocr
01058042	70	14	with_certificate	11.7	ocr
01058042	70	14	number_voters	75.2	ocr
01058042	70	14	invalid_votes	0.3	ocr
01058042	71	14	spd	41.7	ocr
01058042	71	14	fdp	1.1	ocr
01058042	71	14	gruene	1.3	ocr
01058043	70	15	without_certificate	89.7	ocr
01058043	70	15	with_certificate	10.3	ocr
01058043	70	15	number_voters	75.1	ocr
01058043	70	15	invalid_votes	0.3	ocr
01058043	71	15	cdu	42.8	ocr
01058043	71	15	fdp	3.0	ocr
01058043	71	15	ssw	3.0	ocr
01058043	71	15	dkp	0.3	ocr
01058043	71	15	gruene	2.3	ocr
01058044	70	16	without_certificate	95.7	ocr
01058044	70	16	with_certificate	4.3	ocr
01058044	70	16	number_voters	84.5	ocr
01058044	70	16	invalid_votes	0.4	visual
01058044	71	16	spd	26.5	ocr
01058044	71	16	fdp	1.1	ocr
01058044	71	16	ssw	0.4	ocr
01058044	71	16	gruene	2.9	ocr
01058045	70	17	without_certificate	98.4	ocr
01058045	70	17	with_certificate	1.6	ocr
01058045	70	17	invalid_votes	2.0	ocr
01058045	71	17	spd	27.0	visual
01058045	71	17	fdp	1.0	ocr
01058045	71	17	ssw	1.0	visual
01058045	71	17	gruene	2.0	ocr
01058046	70	18	without_certificate	94.8	ocr
01058046	70	18	with_certificate	5.2	ocr
01058046	70	18	number_voters	82.6	ocr
01058046	71	18	spd	36.3	ocr
01058046	71	18	fdp	1.8	ocr
01058046	71	18	gruene	1.8	ocr
01058047	70	19	without_certificate	94.3	ocr
01058047	70	19	with_certificate	5.7	ocr
01058047	70	19	number_voters	80.3	ocr
01058047	70	19	invalid_votes	0.3	visual
01058047	71	19	spd	39.9	ocr
01058047	71	19	fdp	1.2	ocr
01058047	71	19	ssw	2.1	ocr
01058047	71	19	gruene	3.7	ocr
01058048	70	20	without_certificate	96.0	ocr
01058048	70	20	with_certificate	4.0	ocr
01058048	70	20	number_voters	87.6	ocr
01058048	71	20	spd	23.2	ocr
01058048	71	20	fdp	1.3	ocr
01058048	71	20	gruene	1.9	ocr
01058049	70	21	without_certificate	94.7	ocr
01058049	70	21	with_certificate	5.3	ocr
01058049	70	21	number_voters	78.4	ocr
01058049	70	21	invalid_votes	0.2	ocr
01058049	71	21	spd	38.8	ocr
01058049	71	21	fdp	2.1	ocr
01058049	71	21	ssw	0.2	ocr
01058049	71	21	gruene	2.4	ocr
01058049	71	21	fp	0.1	ocr
01058050	70	22	without_certificate	90.8	ocr
01058050	70	22	with_certificate	9.2	ocr
01058050	70	22	number_voters	77.9	ocr
01058050	70	22	invalid_votes	0.5	ocr
01058050	71	22	spd	39.4	ocr
01058050	71	22	fdp	4.0	ocr
01058050	71	22	gruene	3.3	ocr
01058051	70	23	without_certificate	91.7	ocr
01058051	70	23	with_certificate	8.3	ocr
01058051	70	23	number_voters	80.9	ocr
01058051	70	23	invalid_votes	0.1	ocr
01058051	71	23	fdp	2.4	ocr
01058051	71	23	ssw	0.2	ocr
01058051	71	23	gruene	3.0	ocr
01058051	71	23	fp	0.2	ocr
01058052	70	24	without_certificate	90.2	ocr
01058052	70	24	with_certificate	9.8	ocr
01058052	70	24	number_voters	79.3	ocr
01058052	70	24	invalid_votes	0.2	ocr
01058052	71	24	ssw	3.0	ocr
01058052	71	24	gruene	2.3	ocr
01058053	70	25	without_certificate	92.2	ocr
01058053	70	25	with_certificate	7.8	ocr
01058053	70	25	number_voters	81.8	ocr
01058053	70	25	invalid_votes	0.3	ocr
01058053	71	25	cdu	44.4	ocr
01058053	71	25	fdp	2.5	ocr
01058053	71	25	gruene	2.6	ocr
01058054	72	1	without_certificate	93.6	ocr
01058054	72	1	with_certificate	6.4	ocr
01058054	72	1	number_voters	78.8	ocr
01058054	73	1	spd	47.1	ocr
01058054	73	1	fdp	1.7	ocr
01058054	73	1	ssw	1.1	ocr
01058054	73	1	gruene	2.4	ocr
01058055	72	2	without_certificate	97.3	ocr
01058055	72	2	with_certificate	2.7	ocr
01058055	72	2	number_voters	89.2	visual
01058055	73	2	spd	6.1	ocr
01058055	73	2	gruene	3.0	ocr
01058056	72	3	without_certificate	94.7	ocr
01058056	72	3	with_certificate	5.3	ocr
01058056	73	3	spd	16.4	ocr
01058057	72	4	without_certificate	94.2	ocr
01058057	72	4	with_certificate	5.8	ocr
01058057	72	4	number_voters	83.9	ocr
01058057	73	4	spd	39.7	ocr
01058057	73	4	fdp	4.0	ocr
01058057	73	4	ssw	4.3	ocr
01058057	73	4	gruene	2.5	ocr
01058058	72	5	without_certificate	91.1	ocr
01058058	72	5	with_certificate	8.9	ocr
01058058	72	5	number_voters	79.3	ocr
01058058	72	5	invalid_votes	0.3	ocr
01058058	73	5	spd	44.2	ocr
01058058	73	5	fdp	2.6	ocr
01058058	73	5	ssw	0.6	ocr
01058058	73	5	dgl	0.1	ocr
01058058	73	5	gruene	2.0	ocr
01058059	72	6	without_certificate	95.9	ocr
01058059	72	6	with_certificate	4.1	ocr
01058059	72	6	number_voters	71.4	ocr
01058059	72	6	invalid_votes	0.4	visual
01058059	73	6	spd	24.1	ocr
01058059	73	6	fdp	2.4	ocr
01058059	73	6	gruene	2.6	ocr
01058061	72	7	without_certificate	92.1	ocr
01058061	72	7	with_certificate	7.9	ocr
01058061	72	7	number_voters	84.9	ocr
01058061	73	7	spd	26.7	ocr
01058061	73	7	fdp	1.2	ocr
01058061	73	7	dkp	0.3	visual
01058061	73	7	gruene	2.1	ocr
01058062	72	8	without_certificate	92.5	ocr
01058062	72	8	with_certificate	7.5	ocr
01058062	72	8	number_voters	80.1	ocr
01058062	73	8	spd	25.6	ocr
01058062	73	8	fdp	3.1	ocr
01058062	73	8	gruene	1.6	ocr
01058063	72	9	without_certificate	95.8	ocr
01058063	72	9	with_certificate	4.2	ocr
01058063	72	9	number_voters	75.2	ocr
01058063	73	9	spd	41.1	ocr
01058063	73	9	fdp	3.2	ocr
01058063	73	9	gruene	3.2	ocr
01058064	72	10	without_certificate	92.7	ocr
01058064	72	10	with_certificate	7.3	ocr
01058064	72	10	number_voters	79.4	ocr
01058064	73	10	spd	21.6	ocr
01058064	73	10	fdp	1.6	ocr
01058064	73	10	dkp	1.1	ocr
01058064	73	10	gruene	2.7	ocr
01058065	72	11	without_certificate	94.0	ocr
01058065	72	11	with_certificate	6.0	ocr
01058065	73	11	ssw	0.5	ocr
01058065	73	11	gruene	5.6	ocr
01058066	72	12	without_certificate	91.0	ocr
01058066	72	12	with_certificate	9.0	ocr
01058066	72	12	number_voters	81.9	ocr
01058066	72	12	invalid_votes	0.2	visual
01058066	73	12	spd	42.0	ocr
01058066	73	12	fdp	4.1	ocr
01058066	73	12	ssw	1.5	ocr
01058066	73	12	dkp	0.2	ocr
01058066	73	12	gruene	3.8	ocr
01058067	72	13	without_certificate	82.7	ocr
01058067	72	13	with_certificate	17.3	ocr
01058067	72	13	number_voters	68.6	ocr
01058067	72	13	invalid_votes	0.4	visual
01058067	73	13	fdp	3.7	ocr
01058067	73	13	ssw	1.9	ocr
01058067	73	13	gruene	3.0	ocr
01058068	72	14	without_certificate	95.7	ocr
01058068	72	14	with_certificate	4.3	ocr
01058068	73	14	spd	25.2	ocr
01058068	73	14	fdp	1.1	ocr
01058068	73	14	gruene	1.8	ocr
01058069	72	15	without_certificate	93.4	ocr
01058069	72	15	with_certificate	6.6	ocr
01058069	72	15	number_voters	83.3	visual
01058069	72	15	invalid_votes	0.9	visual
01058069	73	15	spd	35.4	ocr
01058069	73	15	fdp	2.4	ocr
01058069	73	15	ssw	0.5	visual
01058070	72	16	without_certificate	94.0	visual
01058070	72	16	with_certificate	6.0	ocr
01058070	73	16	spd	37.4	ocr
01058070	73	16	fdp	1.9	ocr
01058070	73	16	ssw	0.4	visual
01058070	73	16	gruene	2.5	ocr
01058071	72	17	without_certificate	96.6	ocr
01058071	72	17	with_certificate	3.4	ocr
01058071	72	17	number_voters	86.3	ocr
01058071	72	17	invalid_votes	0.4	ocr
01058071	73	17	spd	29.6	ocr
01058071	73	17	fdp	0.4	ocr
01058071	73	17	gruene	0.4	ocr
01058072	72	18	without_certificate	89.5	ocr
01058072	72	18	with_certificate	10.5	ocr
01058072	72	18	number_voters	75.0	ocr
01058072	72	18	invalid_votes	0.3	ocr
01058072	73	18	spd	38.2	ocr
01058072	73	18	fdp	1.6	ocr
01058072	73	18	gruene	1.9	ocr
01058073	72	19	without_certificate	95.5	ocr
01058073	72	19	with_certificate	4.5	ocr
01058073	72	19	number_voters	89.3	visual
01058073	73	19	spd	22.8	ocr
01058073	73	19	fdp	1.3	ocr
01058073	73	19	gruene	5.7	ocr
01058074	72	20	without_certificate	99.2	ocr
01058074	72	20	number_voters	81.5	ocr
01058074	72	20	invalid_votes	0.9	visual
01058074	73	20	spd	20.0	visual
01058074	73	20	fdp	1.9	ocr
01058074	73	20	dkp	1.0	ocr
01058074	73	20	gruene	1.9	ocr
01058075	72	21	without_certificate	95.0	ocr
01058075	73	21	spd	15.6	ocr
01058075	73	21	ssw	3.1	ocr
01058076	72	22	without_certificate	95.3	ocr
01058076	72	22	with_certificate	4.7	ocr
01058076	72	22	number_voters	87.9	ocr
01058077	72	23	without_certificate	89.9	visual
01058077	72	23	number_voters	77.0	visual
01058077	73	23	spd	36.3	ocr
01058077	73	23	fdp	2.7	ocr
01058077	73	23	ssw	0.3	ocr
01058078	72	24	without_certificate	94.0	ocr
01058078	72	24	with_certificate	6.0	ocr
01058078	72	24	number_voters	82.2	ocr
01058078	73	24	spd	38.4	ocr
01058078	73	24	fdp	1.3	ocr
01058078	73	24	ssw	1.3	ocr
01058078	73	24	gruene	1.6	ocr
01058080	72	25	without_certificate	95.0	ocr
01058080	72	25	with_certificate	5.0	ocr
01058080	72	25	number_voters	82.4	ocr
01058080	73	25	spd	36.5	ocr
01058080	73	25	fdp	2.8	ocr
01058080	73	25	ssw	0.5	ocr
01058080	73	25	dkp	0.2	ocr
01058080	73	25	gruene	1.9	ocr
01058081	74	1	without_certificate	94.5	ocr
01058081	74	1	with_certificate	5.5	ocr
01058081	74	1	number_voters	85.7	ocr
01058081	75	1	spd	29.6	ocr
01058081	75	1	fdp	4.8	ocr
01058081	75	1	ssw	1.6	ocr
01058081	75	1	dkp	0.5	ocr
01058081	75	1	gruene	5.9	ocr
01058082	74	2	without_certificate	89.8	ocr
01058082	74	2	with_certificate	10.2	ocr
01058082	74	2	number_voters	74.7	ocr
01058082	74	2	invalid_votes	0.2	ocr
01058082	75	2	spd	38.5	ocr
01058082	75	2	fdp	1.7	ocr
01058082	75	2	ssw	1.3	ocr
01058082	75	2	dkp	0.4	ocr
01058082	75	2	gruene	1.5	ocr
01058083	74	3	without_certificate	90.9	ocr
01058083	74	3	with_certificate	9.1	ocr
01058083	75	3	spd	21.7	ocr
01058083	75	3	ssw	1.9	ocr
01058083	75	3	gruene	5.7	ocr
01058084	74	4	with_certificate	5.0	ocr
01058084	74	4	number_voters	86.2	ocr
01058084	75	4	spd	14.1	ocr
01058084	75	4	fdp	3.2	ocr
01058084	75	4	ssw	1.3	ocr
01058084	75	4	gruene	1.9	ocr
01058085	74	5	without_certificate	96.7	ocr
01058085	74	5	with_certificate	3.3	ocr
01058085	74	5	number_voters	83.0	visual
01058085	74	5	invalid_votes	0.7	visual
01058085	75	5	spd	30.7	ocr
01058085	75	5	fdp	2.0	ocr
01058085	75	5	gruene	5.3	ocr
01058086	74	6	without_certificate	93.1	ocr
01058086	74	6	with_certificate	6.9	ocr
01058086	74	6	number_voters	77.9	ocr
01058086	74	6	invalid_votes	0.2	ocr
01058086	75	6	spd	38.1	ocr
01058086	75	6	fdp	2.5	ocr
01058086	75	6	ssw	0.3	ocr
01058086	75	6	gruene	2.3	ocr
01058087	74	7	without_certificate	93.5	ocr
01058087	74	7	with_certificate	6.5	ocr
01058087	74	7	number_voters	78.5	ocr
01058087	74	7	invalid_votes	0.5	ocr
01058087	75	7	spd	44.5	ocr
01058087	75	7	fdp	0.5	ocr
01058087	75	7	ssw	4.3	ocr
01058087	75	7	gruene	2.1	ocr
01058088	74	8	without_certificate	97.5	ocr
01058088	74	8	with_certificate	2.5	ocr
01058088	74	8	number_voters	88.3	ocr
01058088	75	8	spd	35.8	ocr
01058088	75	8	fdp	0.9	ocr
01058088	75	8	ssw	3.8	ocr
01058089	74	9	without_certificate	99.2	ocr
01058089	74	9	with_certificate	0.8	ocr
01058089	75	9	spd	20.4	visual
01058089	75	9	fdp	0.9	ocr
01058089	75	9	ssw	1.9	ocr
01058090	74	10	without_certificate	92.1	ocr
01058090	74	10	with_certificate	7.9	ocr
01058090	74	10	number_voters	78.9	ocr
01058090	74	10	invalid_votes	0.3	ocr
01058090	75	10	spd	30.2	ocr
01058090	75	10	fdp	3.7	ocr
01058090	75	10	ssw	4.0	ocr
01058090	75	10	gruene	1.4	ocr
01058091	74	11	without_certificate	94.4	ocr
01058091	74	11	with_certificate	5.6	ocr
01058091	74	11	number_voters	80.3	ocr
01058091	74	11	invalid_votes	0.4	ocr
01058091	75	11	spd	33.6	ocr
01058091	75	11	fdp	2.0	ocr
01058091	75	11	ssw	0.4	ocr
01058091	75	11	gruene	1.2	ocr
01058092	74	12	without_certificate	86.8	visual
01058092	74	12	with_certificate	13.2	ocr
01058092	74	12	number_voters	79.0	ocr
01058092	74	12	invalid_votes	0.2	ocr
01058092	75	12	spd	39.4	ocr
01058092	75	12	fdp	3.2	ocr
01058092	75	12	ssw	0.4	ocr
01058092	75	12	dkp	0.1	ocr
01058092	75	12	gruene	3.2	ocr
01058092	75	12	fp	0.2	ocr
01058093	74	13	without_certificate	91.9	ocr
01058093	74	13	with_certificate	8.1	ocr
01058093	74	13	number_voters	76.4	ocr
01058093	75	13	spd	37.9	ocr
01058093	75	13	fdp	1.3	ocr
01058093	75	13	ssw	0.3	ocr
01058093	75	13	dgl	0.3	ocr
01058093	75	13	gruene	6.8	ocr
01058094	74	14	without_certificate	92.8	ocr
01058094	74	14	with_certificate	7.2	ocr
01058094	74	14	number_voters	81.9	visual
01058094	74	14	invalid_votes	0.4	ocr
01058094	75	14	spd	40.6	ocr
01058094	75	14	fdp	1.6	ocr
01058094	75	14	ssw	0.3	ocr
01058094	75	14	dgl	0.1	ocr
01058094	75	14	gruene	3.1	ocr
01058094	75	14	fp	0.1	ocr
01058096	74	15	without_certificate	94.1	ocr
01058096	74	15	with_certificate	5.9	ocr
01058096	74	15	number_voters	82.8	ocr
01058096	74	15	invalid_votes	0.5	ocr
01058096	75	15	spd	34.5	ocr
01058096	75	15	fdp	1.9	ocr
01058096	75	15	ssw	1.1	ocr
01058096	75	15	dgl	0.1	ocr
01058096	75	15	gruene	2.3	ocr
01058097	74	16	without_certificate	92.9	ocr
01058097	74	16	with_certificate	7.1	ocr
01058097	74	16	invalid_votes	0.4	ocr
01058097	75	16	spd	28.6	ocr
01058097	75	16	fdp	0.8	ocr
01058097	75	16	gruene	1.5	ocr
01058098	74	17	without_certificate	91.6	ocr
01058098	74	17	with_certificate	8.4	ocr
01058098	74	17	number_voters	75.4	ocr
01058098	75	17	spd	21.4	ocr
01058098	75	17	fdp	1.6	ocr
01058098	75	17	gruene	1.6	ocr
01058099	74	18	without_certificate	94.4	ocr
01058099	74	18	number_voters	78.2	ocr
01058099	74	18	invalid_votes	0.2	ocr
01058099	75	18	cdu	47.0	ocr
01058099	75	18	fdp	1.9	ocr
01058099	75	18	ssw	1.2	ocr
01058099	75	18	gruene	1.7	ocr
01058100	74	19	without_certificate	91.0	ocr
01058100	74	19	with_certificate	9.0	ocr
01058100	74	19	number_voters	81.0	ocr
01058100	74	19	invalid_votes	0.3	ocr
01058100	75	19	spd	27.7	ocr
01058100	75	19	fdp	0.6	ocr
01058100	75	19	gruene	3.4	ocr
01058101	74	20	without_certificate	95.1	ocr
01058101	74	20	with_certificate	4.9	ocr
01058101	74	20	number_voters	84.9	ocr
01058101	74	20	invalid_votes	0.8	ocr
01058101	75	20	spd	35.0	ocr
01058101	75	20	fdp	1.3	ocr
01058101	75	20	ssw	0.4	ocr
01058101	75	20	dkp	0.4	ocr
01058101	75	20	gruene	2.5	ocr
01058102	74	21	without_certificate	96.0	ocr
01058102	74	21	with_certificate	4.0	ocr
01058102	74	21	number_voters	85.2	ocr
01058102	75	21	spd	44.7	ocr
01058102	75	21	fdp	2.9	ocr
01058102	75	21	ssw	1.5	ocr
01058102	75	21	gruene	2.1	ocr
01058103	74	22	without_certificate	93.1	ocr
01058103	74	22	with_certificate	6.9	ocr
01058103	74	22	number_voters	82.7	ocr
01058103	74	22	invalid_votes	1.0	ocr
01058103	75	22	spd	35.4	ocr
01058103	75	22	fdp	1.1	ocr
01058103	75	22	gruene	3.7	ocr
01058104	74	23	without_certificate	93.7	ocr
01058104	74	23	with_certificate	6.3	ocr
01058104	74	23	number_voters	82.1	ocr
01058104	74	23	invalid_votes	0.5	ocr
01058104	75	23	spd	42.9	ocr
01058104	75	23	fdp	3.7	ocr
01058104	75	23	ssw	0.8	ocr
01058104	75	23	dkp	0.1	ocr
01058104	75	23	dgl	0.3	ocr
01058104	75	23	gruene	1.7	ocr
01058104	75	23	fp	0.1	ocr
01058105	74	24	without_certificate	91.0	ocr
01058105	74	24	with_certificate	9.0	ocr
01058105	74	24	number_voters	78.6	ocr
01058105	74	24	invalid_votes	0.2	ocr
01058105	75	24	spd	43.4	ocr
01058105	75	24	fdp	3.0	ocr
01058105	75	24	dkp	0.2	ocr
01058105	75	24	gruene	3.7	ocr
01058106	74	25	without_certificate	95.5	ocr
01058106	74	25	with_certificate	4.5	ocr
01058106	74	25	number_voters	84.1	ocr
01058106	75	25	spd	22.5	ocr
01058106	75	25	fdp	0.9	ocr
01058106	75	25	gruene	3.6	ocr
01058107	76	1	with_certificate	13.0	ocr
01058107	76	1	number_voters	78.9	ocr
01058107	76	1	invalid_votes	0.1	ocr
01058107	77	1	spd	32.0	ocr
01058107	77	1	fdp	4.0	ocr
01058107	77	1	gruene	3.5	ocr
01058108	76	2	without_certificate	93.9	ocr
01058108	76	2	with_certificate	6.1	ocr
01058108	76	2	number_voters	83.7	ocr
01058108	77	2	spd	32.1	ocr
01058108	77	2	fdp	2.0	ocr
01058108	77	2	gruene	4.0	ocr
01058109	76	3	without_certificate	94.5	ocr
01058109	76	3	with_certificate	5.5	ocr
01058109	76	3	number_voters	84.7	ocr
01058109	77	3	spd	24.1	ocr
01058109	77	3	fdp	3.0	ocr
01058109	77	3	gruene	6.0	visual
01058110	76	4	without_certificate	94.6	ocr
01058110	76	4	with_certificate	5.4	ocr
01058110	76	4	number_voters	82.2	ocr
01058110	77	4	spd	47.1	ocr
01058110	77	4	fdp	1.6	ocr
01058110	77	4	ssw	0.7	ocr
01058110	77	4	dgl	0.4	ocr
01058110	77	4	gruene	2.2	ocr
01058111	76	5	without_certificate	90.9	ocr
01058111	76	5	with_certificate	9.1	ocr
01058111	76	5	number_voters	81.8	ocr
01058111	76	5	invalid_votes	1.2	ocr
01058111	77	5	spd	22.5	ocr
01058111	77	5	fdp	6.3	ocr
01058111	77	5	gruene	2.5	ocr
01058112	76	6	without_certificate	91.1	ocr
01058112	76	6	with_certificate	8.9	ocr
01058112	76	6	invalid_votes	0.2	ocr
01058112	77	6	spd	42.0	ocr
01058112	77	6	fdp	1.9	ocr
01058112	77	6	ssw	0.4	ocr
01058112	77	6	gruene	2.6	ocr
01058113	76	7	without_certificate	96.2	ocr
01058113	76	7	with_certificate	3.8	ocr
01058113	76	7	number_voters	79.6	ocr
01058113	76	7	invalid_votes	0.3	ocr
01058113	77	7	spd	31.4	ocr
01058113	77	7	fdp	0.3	ocr
01058113	77	7	gruene	2.4	ocr
01058115	76	8	without_certificate	97.3	ocr
01058115	76	8	with_certificate	2.7	ocr
01058115	76	8	number_voters	87.1	ocr
01058115	77	8	spd	22.1	ocr
01058115	77	8	fdp	0.8	ocr
01058115	77	8	ssw	0.3	ocr
01058115	77	8	gruene	1.7	ocr
01058116	76	9	without_certificate	94.8	ocr
01058116	76	9	with_certificate	5.2	ocr
01058116	76	9	number_voters	84.1	ocr
01058116	77	9	cdu	44.1	ocr
01058116	77	9	fdp	1.6	ocr
01058116	77	9	ssw	0.7	visual
01058116	77	9	gruene	2.4	ocr
01058117	76	10	without_certificate	93.0	ocr
01058117	76	10	with_certificate	7.0	ocr
01058117	76	10	number_voters	77.1	ocr
01058117	76	10	invalid_votes	0.5	ocr
01058117	77	10	cdu	47.4	ocr
01058117	77	10	fdp	1.4	ocr
01058117	77	10	ssw	0.2	ocr
01058117	77	10	dkp	0.2	ocr
01058117	77	10	dgl	0.2	ocr
01058117	77	10	gruene	1.7	ocr
01058118	76	11	without_certificate	93.8	visual
01058118	76	11	with_certificate	6.2	ocr
01058118	77	11	cdu	43.3	ocr
01058118	77	11	fdp	1.8	ocr
01058118	77	11	ssw	0.7	ocr
01058118	77	11	gruene	1.1	ocr
01058119	76	12	without_certificate	93.1	ocr
01058119	76	12	with_certificate	6.9	ocr
01058119	76	12	invalid_votes	0.6	ocr
01058119	77	12	spd	37.4	ocr
01058119	77	12	fdp	2.3	ocr
01058119	77	12	gruene	1.7	ocr
01058120	76	13	without_certificate	95.3	ocr
01058120	76	13	with_certificate	4.7	ocr
01058120	77	13	spd	35.1	ocr
01058120	77	13	gruene	2.1	ocr
01058121	76	14	without_certificate	93.9	ocr
01058121	76	14	with_certificate	6.1	ocr
01058121	76	14	number_voters	83.4	visual
01058121	76	14	invalid_votes	0.9	visual
01058121	77	14	spd	41.9	ocr
01058121	77	14	fdp	1.2	ocr
01058121	77	14	dkp	0.1	ocr
01058121	77	14	dgl	0.3	ocr
01058121	77	14	gruene	2.9	ocr
01058121	77	14	fp	0.2	ocr
01058122	76	15	without_certificate	93.4	ocr
01058122	76	15	with_certificate	6.6	ocr
01058122	76	15	invalid_votes	0.4	ocr
01058122	77	15	spd	36.5	ocr
01058122	77	15	fdp	0.7	ocr
01058122	77	15	ssw	0.4	ocr
01058122	77	15	gruene	2.5	visual
01058123	76	16	without_certificate	92.5	ocr
01058123	76	16	with_certificate	7.5	ocr
01058123	76	16	number_voters	85.3	ocr
01058123	76	16	invalid_votes	0.2	ocr
01058123	77	16	spd	39.7	ocr
01058123	77	16	fdp	1.9	ocr
01058123	77	16	ssw	1.9	ocr
01058123	77	16	gruene	3.5	ocr
01058124	76	17	without_certificate	93.8	ocr
01058124	76	17	with_certificate	6.2	ocr
01058124	76	17	invalid_votes	0.2	ocr
01058124	77	17	cdu	43.5	ocr
01058124	77	17	fdp	2.9	ocr
01058124	77	17	ssw	0.7	ocr
01058124	77	17	gruene	1.9	ocr
01058125	76	18	without_certificate	95.0	ocr
01058125	76	18	with_certificate	5.0	ocr
01058125	76	18	number_voters	75.2	ocr
01058125	76	18	invalid_votes	0.6	ocr
01058125	77	18	spd	38.4	ocr
01058125	77	18	fdp	3.2	ocr
01058125	77	18	dkp	0.3	ocr
01058125	77	18	gruene	0.9	ocr
01058126	76	19	without_certificate	89.6	ocr
01058126	76	19	with_certificate	10.4	ocr
01058126	76	19	number_voters	78.7	ocr
01058126	76	19	invalid_votes	0.4	ocr
01058126	77	19	spd	37.9	ocr
01058126	77	19	fdp	4.2	ocr
01058126	77	19	gruene	4.6	ocr
01058127	76	20	without_certificate	94.1	ocr
01058127	76	20	with_certificate	5.9	ocr
01058127	76	20	number_voters	77.9	ocr
01058127	77	20	spd	42.0	ocr
01058127	77	20	fdp	3.9	ocr
01058127	77	20	ssw	0.4	ocr
01058127	77	20	dkp	0.3	ocr
01058127	77	20	gruene	2.6	ocr
01058128	76	21	without_certificate	92.9	ocr
01058128	76	21	with_certificate	7.1	ocr
01058128	76	21	number_voters	82.2	ocr
01058128	76	21	invalid_votes	0.2	ocr
01058128	77	21	spd	37.3	ocr
01058128	77	21	fdp	0.8	ocr
01058128	77	21	ssw	0.2	ocr
01058128	77	21	gruene	2.7	ocr
01058129	76	22	without_certificate	96.3	ocr
01058129	76	22	with_certificate	3.7	ocr
01058129	76	22	number_voters	83.7	ocr
01058129	76	22	invalid_votes	0.9	ocr
01058129	77	22	spd	28.6	ocr
01058129	77	22	fdp	1.8	ocr
01058129	77	22	gruene	0.9	ocr
01058130	76	23	without_certificate	92.7	ocr
01058130	76	23	with_certificate	7.3	ocr
01058130	76	23	invalid_votes	0.2	ocr
01058130	77	23	spd	45.2	ocr
01058130	77	23	fdp	2.0	ocr
01058130	77	23	dgl	0.4	ocr
01058130	77	23	gruene	3.8	ocr
01058130	77	23	fp	0.2	ocr
01058131	76	24	without_certificate	96.6	ocr
01058131	76	24	with_certificate	3.4	ocr
01058131	76	24	number_voters	75.9	ocr
01058131	77	24	spd	25.0	ocr
01058131	77	24	fdp	2.3	ocr
01058131	77	24	gruene	4.5	ocr
01058132	76	25	without_certificate	94.9	ocr
01058132	76	25	with_certificate	5.1	ocr
01058132	76	25	number_voters	83.8	ocr
01058132	76	25	invalid_votes	1.8	ocr
01058132	77	25	spd	36.4	ocr
01058132	77	25	gruene	5.6	ocr
01058133	78	1	without_certificate	92.1	ocr
01058133	78	1	with_certificate	7.9	ocr
01058133	78	1	number_voters	82.9	ocr
01058133	79	1	spd	30.2	ocr
01058133	79	1	gruene	11.1	ocr
01058134	78	2	without_certificate	94.4	ocr
01058134	78	2	with_certificate	5.6	ocr
01058134	78	2	number_voters	84.5	ocr
01058134	78	2	invalid_votes	0.3	ocr
01058134	79	2	spd	28.9	visual
01058134	79	2	fdp	3.1	ocr
01058134	79	2	gruene	3.8	ocr
01058135	78	3	without_certificate	91.6	ocr
01058135	78	3	with_certificate	8.4	ocr
01058135	78	3	number_voters	74.1	ocr
01058135	78	3	invalid_votes	0.3	ocr
01058135	79	3	cdu	43.3	ocr
01058135	79	3	fdp	2.6	ocr
01058135	79	3	ssw	1.1	ocr
01058135	79	3	gruene	2.6	ocr
01058136	78	4	without_certificate	94.8	ocr
01058136	78	4	with_certificate	5.2	ocr
01058136	78	4	number_voters	85.8	ocr
01058136	79	4	cdu	43.5	ocr
01058136	79	4	fdp	3.1	ocr
01058136	79	4	ssw	2.1	ocr
01058136	79	4	dkp	0.2	ocr
01058136	79	4	gruene	2.4	ocr
01058137	78	5	without_certificate	93.0	ocr
01058137	78	5	with_certificate	7.0	ocr
01058137	78	5	number_voters	78.4	ocr
01058137	78	5	invalid_votes	0.4	ocr
01058137	79	5	spd	42.7	ocr
01058137	79	5	fdp	2.0	ocr
01058137	79	5	ssw	2.6	ocr
01058137	79	5	gruene	2.3	ocr
01058138	78	6	without_certificate	93.6	ocr
01058138	78	6	with_certificate	6.4	ocr
01058138	79	6	spd	36.8	ocr
01058138	79	6	fdp	2.6	ocr
01058138	79	6	gruene	7.2	ocr
01058139	78	7	without_certificate	95.9	ocr
01058139	78	7	with_certificate	4.1	ocr
01058139	78	7	number_voters	83.5	ocr
01058139	78	7	invalid_votes	0.4	ocr
01058139	79	7	spd	39.4	ocr
01058139	79	7	fdp	3.6	ocr
01058139	79	7	gruene	2.4	ocr
01058140	78	8	without_certificate	91.9	ocr
01058140	78	8	with_certificate	8.1	ocr
01058140	78	8	number_voters	78.5	ocr
01058140	78	8	invalid_votes	0.2	ocr
01058140	79	8	cdu	39.3	ocr
01058140	79	8	fdp	0.9	ocr
01058140	79	8	ssw	0.2	ocr
01058141	78	9	without_certificate	93.2	ocr
01058141	78	9	with_certificate	6.8	ocr
01058141	78	9	number_voters	81.4	ocr
01058141	79	9	spd	35.5	ocr
01058141	79	9	fdp	2.6	ocr
01058141	79	9	gruene	2.2	ocr
01058142	78	10	without_certificate	94.5	ocr
01058142	78	10	with_certificate	5.5	ocr
01058142	78	10	number_voters	88.3	ocr
01058142	79	10	spd	42.3	ocr
01058142	79	10	fdp	2.3	ocr
01058142	79	10	ssw	0.9	ocr
01058142	79	10	dkp	0.2	ocr
01058142	79	10	dgl	0.3	ocr
01058142	79	10	gruene	3.3	ocr
01058142	79	10	fp	0.2	ocr
01058143	78	11	without_certificate	94.9	ocr
01058143	78	11	with_certificate	5.1	ocr
01058143	78	11	number_voters	87.5	ocr
01058143	78	11	invalid_votes	0.6	ocr
01058143	79	11	spd	35.9	ocr
01058143	79	11	gruene	8.5	ocr
01058144	78	12	without_certificate	90.3	ocr
01058144	78	12	with_certificate	9.7	ocr
01058144	78	12	number_voters	83.6	ocr
01058144	79	12	spd	23.2	ocr
01058144	79	12	gruene	5.4	ocr
01058145	78	13	without_certificate	96.6	ocr
01058145	78	13	with_certificate	3.4	ocr
01058145	78	13	number_voters	88.1	ocr
01058145	79	13	spd	42.3	ocr
01058145	79	13	fdp	1.0	ocr
01058145	79	13	dkp	0.5	ocr
01058145	79	13	gruene	3.4	ocr
01058146	78	14	without_certificate	92.5	ocr
01058146	78	14	with_certificate	7.5	ocr
01058146	78	14	number_voters	81.9	ocr
01058146	79	14	spd	37.8	ocr
01058146	79	14	fdp	2.0	ocr
01058146	79	14	gruene	3.6	ocr
01058147	78	15	without_certificate	95.4	ocr
01058147	78	15	with_certificate	4.6	ocr
01058147	78	15	number_voters	85.5	ocr
01058147	79	15	spd	39.8	ocr
01058147	79	15	fdp	1.2	ocr
01058147	79	15	gruene	1.9	ocr
01058148	78	16	without_certificate	91.0	visual
01058148	78	16	with_certificate	9.0	ocr
01058148	78	16	number_voters	83.9	ocr
01058148	79	16	spd	38.9	ocr
01058148	79	16	fdp	3.1	ocr
01058148	79	16	ssw	0.3	ocr
01058148	79	16	gruene	2.9	ocr
01058150	78	17	without_certificate	90.8	visual
01058150	78	17	with_certificate	9.2	ocr
01058150	78	17	number_voters	76.8	visual
01058150	78	17	invalid_votes	0.4	ocr
01058150	79	17	spd	44.2	ocr
01058150	79	17	fdp	3.2	ocr
01058150	79	17	ssw	0.8	ocr
01058150	79	17	dkp	0.2	ocr
01058150	79	17	dgl	0.2	ocr
01058150	79	17	gruene	3.6	ocr
01058150	79	17	fp	0.1	ocr
01058151	78	18	without_certificate	92.7	ocr
01058151	78	18	with_certificate	7.3	ocr
01058151	78	18	number_voters	85.0	ocr
01058151	78	18	invalid_votes	0.5	ocr
01058151	79	18	spd	33.2	ocr
01058151	79	18	fdp	3.8	ocr
01058151	79	18	gruene	1.9	ocr
01058152	78	19	without_certificate	97.1	ocr
01058152	78	19	with_certificate	2.9	ocr
01058152	78	19	number_voters	89.4	visual
01058152	79	19	cdu	42.6	ocr
01058152	79	19	fdp	1.8	ocr
01058152	79	19	ssw	0.7	ocr
01058152	79	19	gruene	2.1	ocr
01058153	78	20	without_certificate	93.4	ocr
01058153	78	20	with_certificate	6.6	ocr
01058153	78	20	number_voters	77.4	ocr
01058153	78	20	invalid_votes	1.2	ocr
01058153	79	20	spd	22.2	ocr
01058153	79	20	fdp	1.2	ocr
01058153	79	20	gruene	11.1	ocr
01058154	78	21	without_certificate	98.0	ocr
01058154	78	21	with_certificate	2.0	ocr
01058154	78	21	number_voters	87.0	ocr
01058154	78	21	invalid_votes	0.5	visual
01058154	79	21	spd	29.6	ocr
01058154	79	21	fdp	3.3	ocr
01058154	79	21	ssw	3.3	ocr
01058154	79	21	gruene	2.8	ocr
01058155	78	22	without_certificate	92.4	ocr
01058155	78	22	with_certificate	7.6	ocr
01058155	78	22	number_voters	80.7	ocr
01058155	78	22	invalid_votes	1.4	ocr
01058155	79	22	spd	21.0	ocr
01058155	79	22	fdp	0.5	ocr
01058155	79	22	gruene	2.4	ocr
01058156	78	23	without_certificate	95.0	ocr
01058156	78	23	with_certificate	5.0	ocr
01058156	78	23	number_voters	85.6	ocr
01058156	78	23	invalid_votes	0.4	ocr
01058156	79	23	spd	30.8	ocr
01058156	79	23	fdp	0.4	ocr
01058156	79	23	ssw	0.4	ocr
01058156	79	23	gruene	2.5	ocr
01058157	78	24	without_certificate	87.6	ocr
01058157	78	24	with_certificate	12.4	ocr
01058157	78	24	number_voters	77.0	ocr
01058157	78	24	invalid_votes	0.1	ocr
01058157	79	24	spd	39.2	ocr
01058157	79	24	fdp	3.1	ocr
01058157	79	24	ssw	0.8	ocr
01058157	79	24	gruene	3.5	ocr
01058158	78	25	without_certificate	95.8	ocr
01058158	78	25	with_certificate	4.2	ocr
01058158	78	25	number_voters	90.3	ocr
01058158	79	25	spd	15.4	ocr
01058158	79	25	fdp	1.5	ocr
01058159	80	1	without_certificate	95.6	ocr
01058159	80	1	with_certificate	4.4	ocr
01058159	80	1	number_voters	84.4	ocr
01058159	80	1	invalid_votes	0.6	ocr
01058159	81	1	spd	14.5	ocr
01058159	81	1	fdp	1.7	ocr
01058159	81	1	ssw	0.6	ocr
01058159	81	1	gruene	0.6	ocr
01058160	80	2	without_certificate	93.4	ocr
01058160	80	2	with_certificate	6.6	ocr
01058160	80	2	invalid_votes	0.8	ocr
01058160	81	2	spd	37.8	ocr
01058160	81	2	gruene	1.7	ocr
01058161	80	3	without_certificate	94.2	ocr
01058161	80	3	with_certificate	5.8	ocr
01058161	80	3	number_voters	82.0	visual
01058161	80	3	invalid_votes	0.6	visual
01058161	81	3	spd	24.4	ocr
01058161	81	3	fdp	1.2	ocr
01058161	81	3	gruene	3.0	ocr
01058162	80	4	with_certificate	21.0	ocr
01058162	80	4	number_voters	69.3	ocr
01058162	81	4	spd	42.2	ocr
01058162	81	4	fdp	2.4	ocr
01058162	81	4	gruene	5.4	ocr
01058163	80	5	with_certificate	2.5	ocr
01058163	80	5	invalid_votes	0.2	ocr
01058163	81	5	spd	38.7	ocr
01058163	81	5	fdp	2.0	ocr
01058163	81	5	ssw	0.2	ocr
01058163	81	5	dgl	0.6	ocr
01058163	81	5	gruene	2.0	ocr
01058164	80	6	without_certificate	93.9	ocr
01058164	80	6	with_certificate	6.1	ocr
01058164	80	6	number_voters	78.4	ocr
01058164	80	6	invalid_votes	0.7	ocr
01058164	81	6	spd	39.0	ocr
01058164	81	6	fdp	0.7	ocr
01058164	81	6	dkp	0.2	ocr
01058164	81	6	gruene	1.9	ocr
01058165	80	7	without_certificate	91.6	ocr
01058165	80	7	with_certificate	8.4	ocr
01058165	80	7	number_voters	81.3	ocr
01058165	80	7	invalid_votes	0.4	ocr
01058165	81	7	cdu	45.3	ocr
01058165	81	7	gruene	4.8	ocr
01058165	81	7	fp	0.2	ocr
01058166	80	8	without_certificate	87.4	ocr
01058166	80	8	with_certificate	12.6	ocr
01058166	80	8	number_voters	77.6	ocr
01058166	80	8	invalid_votes	0.3	ocr
01058166	81	8	cdu	45.4	ocr
01058166	81	8	fdp	1.4	ocr
01058166	81	8	ssw	1.1	ocr
01058166	81	8	dkp	0.1	ocr
01058166	81	8	gruene	2.4	ocr
01058167	80	9	without_certificate	97.2	ocr
01058167	80	9	with_certificate	2.8	ocr
01058167	80	9	number_voters	77.2	ocr
01058167	80	9	invalid_votes	0.7	ocr
01058167	81	9	spd	16.7	ocr
01058167	81	9	fdp	2.9	ocr
01058167	81	9	gruene	4.3	ocr
01058168	80	10	without_certificate	92.4	ocr
01058168	80	10	with_certificate	7.6	ocr
01058168	80	10	number_voters	86.9	ocr
01058168	80	10	invalid_votes	0.5	ocr
01058168	81	10	spd	33.3	ocr
01058168	81	10	fdp	0.5	ocr
01058168	81	10	gruene	4.4	ocr
01058169	80	11	without_certificate	93.2	ocr
01058169	80	11	with_certificate	6.8	ocr
01058169	80	11	number_voters	80.4	visual
01058169	80	11	invalid_votes	0.7	ocr
01058169	81	11	spd	36.9	ocr
01058169	81	11	fdp	0.7	ocr
01058169	81	11	ssw	0.2	ocr
01058169	81	11	gruene	1.8	ocr
01058170	80	12	without_certificate	95.5	ocr
01058170	80	12	with_certificate	4.5	ocr
01058170	80	12	number_voters	80.7	ocr
01058170	80	12	invalid_votes	0.3	ocr
01058170	81	12	spd	45.1	ocr
01058170	81	12	fdp	1.7	ocr
01058171	80	13	without_certificate	93.6	ocr
01058171	80	13	with_certificate	6.4	ocr
01058171	80	13	number_voters	82.6	ocr
01058171	80	13	invalid_votes	0.2	ocr
01058171	81	13	cdu	44.0	ocr
01058171	81	13	fdp	1.9	ocr
01058171	81	13	ssw	0.1	ocr
01058171	81	13	dkp	0.3	ocr
01058171	81	13	dgl	0.1	ocr
01058171	81	13	gruene	3.7	ocr
01058171	81	13	fp	0.3	ocr
01058172	80	14	without_certificate	92.6	ocr
01058172	80	14	with_certificate	7.4	ocr
01058172	80	14	number_voters	82.5	ocr
01058172	81	14	cdu	45.3	ocr
01058172	81	14	fdp	1.8	ocr
01058172	81	14	ssw	0.3	ocr
01058172	81	14	dkp	0.1	ocr
01058172	81	14	gruene	2.2	ocr
01058173	80	15	without_certificate	93.9	ocr
01058173	80	15	with_certificate	6.1	ocr
01058173	80	15	number_voters	82.7	ocr
01058173	80	15	invalid_votes	0.5	visual
01058173	81	15	spd	44.8	ocr
01058173	81	15	fdp	1.7	ocr
01058173	81	15	ssw	1.7	ocr
01058173	81	15	gruene	1.4	ocr
01058174	80	16	without_certificate	88.8	ocr
01058174	80	16	with_certificate	11.2	ocr
01058174	80	16	number_voters	73.0	ocr
01058174	80	16	invalid_votes	0.8	ocr
01058174	81	16	spd	45.7	ocr
01058174	81	16	fdp	2.3	ocr
01058174	81	16	ssw	0.4	ocr
01058174	81	16	gruene	1.2	ocr
01059001	82	1	without_certificate	92.9	ocr
01059001	82	1	with_certificate	7.1	ocr
01059001	82	1	number_voters	83.8	ocr
01059001	83	1	spd	16.4	ocr
01059001	83	1	fdp	1.5	ocr
01059001	83	1	ssw	0.5	ocr
01059001	83	1	gruene	3.5	ocr
01059002	82	2	without_certificate	86.8	ocr
01059002	82	2	with_certificate	13.2	ocr
01059002	82	2	number_voters	74.8	ocr
01059002	83	2	cdu	29.2	ocr
01059002	83	2	fdp	0.7	ocr
01059002	83	2	ssw	18.0	ocr
01059002	83	2	gruene	4.1	ocr
01059005	82	3	without_certificate	93.2	ocr
01059005	82	3	with_certificate	6.8	ocr
01059005	82	3	number_voters	82.1	ocr
01059005	83	3	spd	41.6	ocr
01059005	83	3	fdp	0.7	ocr
01059005	83	3	ssw	1.6	ocr
01059005	83	3	dkp	0.2	ocr
01059005	83	3	gruene	1.8	ocr
01059006	82	4	without_certificate	94.2	ocr
01059006	82	4	with_certificate	5.8	ocr
01059006	82	4	number_voters	78.0	ocr
01059006	82	4	invalid_votes	0.5	ocr
01059006	83	4	spd	34.0	ocr
01059006	83	4	fdp	1.0	ocr
01059006	83	4	ssw	3.9	ocr
01059006	83	4	gruene	3.4	ocr
01059008	82	5	without_certificate	89.8	ocr
01059008	82	5	with_certificate	10.2	ocr
01059008	82	5	number_voters	78.1	ocr
01059008	82	5	invalid_votes	0.4	ocr
01059008	83	5	spd	37.5	ocr
01059008	83	5	fdp	2.6	ocr
01059008	83	5	ssw	4.1	ocr
01059008	83	5	gruene	3.9	ocr
01059009	82	6	without_certificate	90.9	ocr
01059009	82	6	with_certificate	9.1	ocr
01059009	82	6	number_voters	80.4	ocr
01059009	82	6	invalid_votes	0.2	ocr
01059009	83	6	spd	21.5	ocr
01059009	83	6	fdp	2.1	ocr
01059009	83	6	ssw	2.1	ocr
01059009	83	6	gruene	6.0	ocr
01059010	82	7	without_certificate	91.1	ocr
01059010	82	7	with_certificate	8.9	ocr
01059010	82	7	number_voters	77.9	ocr
01059010	82	7	invalid_votes	0.1	ocr
01059010	83	7	spd	30.9	ocr
01059010	83	7	fdp	2.0	ocr
01059010	83	7	ssw	3.8	ocr
01059010	83	7	gruene	2.4	ocr
01059011	82	8	without_certificate	90.1	ocr
01059011	82	8	with_certificate	9.9	ocr
01059011	82	8	number_voters	79.6	ocr
01059011	83	8	fdp	2.7	ocr
01059011	83	8	ssw	2.5	ocr
01059011	83	8	gruene	3.1	ocr
01059012	82	9	without_certificate	86.6	ocr
01059012	82	9	with_certificate	13.4	ocr
01059012	82	9	number_voters	76.6	ocr
01059012	82	9	invalid_votes	0.4	ocr
01059012	83	9	spd	35.4	ocr
01059012	83	9	fdp	1.2	ocr
01059012	83	9	ssw	0.8	ocr
01059012	83	9	gruene	4.7	ocr
01059014	82	10	without_certificate	92.0	ocr
01059014	82	10	with_certificate	8.0	ocr
01059014	82	10	number_voters	79.6	ocr
01059014	83	10	spd	37.4	ocr
01059014	83	10	fdp	1.7	ocr
01059014	83	10	ssw	5.0	ocr
01059014	83	10	gruene	1.1	ocr
01059016	82	11	without_certificate	92.5	ocr
01059016	82	11	with_certificate	7.5	ocr
01059016	82	11	number_voters	77.3	ocr
01059016	83	11	spd	32.7	ocr
01059016	83	11	fdp	0.4	ocr
01059016	83	11	ssw	0.7	ocr
01059016	83	11	dkp	0.7	ocr
01059016	83	11	gruene	4.5	ocr
01059018	82	12	without_certificate	89.9	ocr
01059018	82	12	with_certificate	10.1	ocr
01059018	82	12	number_voters	78.3	ocr
01059018	83	12	spd	42.5	ocr
01059018	83	12	fdp	2.3	ocr
01059018	83	12	ssw	3.7	ocr
01059018	83	12	gruene	2.0	ocr
01059019	82	13	without_certificate	92.0	ocr
01059019	82	13	with_certificate	8.0	ocr
01059019	82	13	number_voters	79.2	ocr
01059019	82	13	invalid_votes	0.7	ocr
01059019	83	13	spd	32.2	ocr
01059019	83	13	fdp	2.5	ocr
01059019	83	13	ssw	9.4	ocr
01059019	83	13	dkp	0.3	ocr
01059019	83	13	gruene	3.7	ocr
01059020	82	14	without_certificate	94.8	ocr
01059020	82	14	with_certificate	5.2	ocr
01059020	82	14	number_voters	81.5	ocr
01059020	82	14	invalid_votes	0.6	ocr
01059020	83	14	spd	14.6	ocr
01059020	83	14	fdp	0.8	ocr
01059020	83	14	ssw	1.1	ocr
01059020	83	14	dkp	0.6	ocr
01059020	83	14	gruene	3.4	ocr
01059021	82	15	without_certificate	95.5	ocr
01059021	82	15	with_certificate	4.5	ocr
01059021	82	15	number_voters	82.1	ocr
01059021	83	15	spd	41.8	ocr
01059021	83	15	fdp	0.6	ocr
01059021	83	15	ssw	1.8	ocr
01059021	83	15	gruene	3.0	ocr
01059022	82	16	without_certificate	91.1	ocr
01059022	82	16	with_certificate	8.9	ocr
01059022	82	16	number_voters	80.4	ocr
01059022	82	16	invalid_votes	0.6	ocr
01059022	83	16	spd	46.4	ocr
01059022	83	16	fdp	1.1	ocr
01059022	83	16	ssw	0.6	ocr
01059022	83	16	gruene	1.1	ocr
01059023	82	17	without_certificate	91.9	ocr
01059023	82	17	with_certificate	8.1	ocr
01059023	82	17	number_voters	85.0	ocr
01059023	82	17	invalid_votes	0.5	ocr
01059023	83	17	spd	32.8	ocr
01059023	83	17	fdp	1.2	ocr
01059023	83	17	ssw	2.8	ocr
01059023	83	17	gruene	2.6	ocr
01059024	82	18	without_certificate	92.8	ocr
01059024	82	18	with_certificate	7.2	ocr
01059024	82	18	number_voters	77.8	ocr
01059024	82	18	invalid_votes	0.3	ocr
01059024	83	18	spd	32.7	ocr
01059024	83	18	fdp	1.2	ocr
01059024	83	18	ssw	0.2	ocr
01059024	83	18	gruene	1.4	ocr
01059026	82	19	without_certificate	82.5	ocr
01059026	82	19	with_certificate	17.5	ocr
01059026	82	19	number_voters	73.7	ocr
01059026	82	19	invalid_votes	0.1	ocr
01059026	83	19	spd	34.7	ocr
01059026	83	19	fdp	2.5	ocr
01059026	83	19	ssw	3.9	ocr
01059026	83	19	gruene	3.2	ocr
01059032	82	20	without_certificate	93.8	ocr
01059032	82	20	with_certificate	6.2	ocr
01059032	82	20	number_voters	80.4	ocr
01059032	83	20	spd	25.0	ocr
01059032	83	20	fdp	0.6	ocr
01059032	83	20	ssw	6.0	ocr
01059032	83	20	gruene	3.6	ocr
01059033	82	21	without_certificate	92.6	ocr
01059033	82	21	with_certificate	7.4	ocr
01059033	82	21	number_voters	83.2	ocr
01059033	82	21	invalid_votes	0.8	ocr
01059033	83	21	spd	39.0	ocr
01059033	83	21	fdp	6.5	ocr
01059033	83	21	ssw	1.6	ocr
01059033	83	21	gruene	4.9	ocr
01059034	82	22	without_certificate	94.4	ocr
01059034	82	22	with_certificate	5.6	ocr
01059034	82	22	number_voters	82.0	ocr
01059034	82	22	invalid_votes	0.7	ocr
01059034	83	22	spd	35.9	ocr
01059034	83	22	fdp	5.5	ocr
01059034	83	22	ssw	8.3	ocr
01059034	83	22	gruene	3.4	ocr
01059035	82	23	without_certificate	95.0	ocr
01059035	82	23	with_certificate	5.0	ocr
01059035	82	23	number_voters	79.1	ocr
01059035	83	23	spd	36.2	ocr
01059035	83	23	fdp	0.9	ocr
01059035	83	23	ssw	1.6	ocr
01059035	83	23	dkp	0.2	ocr
01059035	83	23	gruene	4.0	ocr
01059037	82	24	without_certificate	91.9	ocr
01059037	82	24	with_certificate	8.1	ocr
01059037	82	24	number_voters	79.2	ocr
01059037	82	24	invalid_votes	0.2	ocr
01059037	83	24	spd	24.8	ocr
01059037	83	24	fdp	1.5	ocr
01059037	83	24	ssw	9.6	ocr
01059037	83	24	gruene	1.1	ocr
01059038	82	25	without_certificate	93.8	ocr
01059038	82	25	with_certificate	6.2	ocr
01059038	82	25	number_voters	79.5	ocr
01059038	82	25	invalid_votes	0.2	ocr
01059038	83	25	spd	30.6	ocr
01059038	83	25	fdp	1.7	ocr
01059038	83	25	ssw	7.4	ocr
01059038	83	25	gruene	1.7	ocr
01059039	84	1	without_certificate	93.8	ocr
01059039	84	1	with_certificate	6.3	ocr
01059039	84	1	number_voters	80.9	ocr
01059039	84	1	invalid_votes	0.8	ocr
01059039	85	1	spd	20.3	ocr
01059039	85	1	fdp	0.6	ocr
01059039	85	1	ssw	4.4	ocr
01059039	85	1	gruene	4.4	ocr
01059041	84	2	without_certificate	93.5	ocr
01059041	84	2	with_certificate	6.5	ocr
01059041	84	2	number_voters	85.8	ocr
01059041	84	2	invalid_votes	1.0	ocr
01059041	85	2	spd	31.0	ocr
01059041	85	2	fdp	0.3	ocr
01059041	85	2	ssw	2.4	ocr
01059041	85	2	dkp	0.5	ocr
01059041	85	2	gruene	4.2	ocr
01059042	84	3	without_certificate	92.3	ocr
01059042	84	3	with_certificate	7.7	ocr
01059042	84	3	number_voters	78.9	ocr
01059042	84	3	invalid_votes	0.4	ocr
01059042	85	3	spd	35.2	ocr
01059042	85	3	fdp	2.1	ocr
01059042	85	3	ssw	5.1	ocr
01059042	85	3	gruene	3.0	ocr
01059043	84	4	without_certificate	95.2	ocr
01059043	84	4	with_certificate	4.8	ocr
01059043	84	4	number_voters	85.4	ocr
01059043	84	4	invalid_votes	0.2	ocr
01059043	85	4	spd	41.9	ocr
01059043	85	4	fdp	1.1	ocr
01059043	85	4	ssw	4.1	ocr
01059043	85	4	gruene	2.8	ocr
01059044	84	5	without_certificate	93.9	ocr
01059044	84	5	with_certificate	6.1	ocr
01059044	84	5	number_voters	81.1	ocr
01059044	84	5	invalid_votes	0.3	ocr
01059044	85	5	spd	35.4	ocr
01059044	85	5	fdp	1.9	ocr
01059044	85	5	ssw	2.3	ocr
01059044	85	5	gruene	2.1	ocr
01059045	84	6	without_certificate	90.1	ocr
01059045	84	6	with_certificate	9.9	ocr
01059045	84	6	number_voters	74.2	ocr
01059045	84	6	invalid_votes	0.2	ocr
01059045	85	6	cdu	43.5	ocr
01059045	85	6	fdp	1.8	ocr
01059045	85	6	gruene	2.2	ocr
01059047	84	7	without_certificate	91.1	ocr
01059047	84	7	with_certificate	8.9	ocr
01059047	84	7	number_voters	84.4	ocr
01059047	85	7	spd	29.6	ocr
01059047	85	7	fdp	3.3	ocr
01059047	85	7	gruene	9.9	ocr
01059049	84	8	without_certificate	96.3	ocr
01059049	84	8	with_certificate	3.7	ocr
01059049	84	8	number_voters	86.8	ocr
01059049	85	8	spd	24.1	ocr
01059049	85	8	fdp	0.4	ocr
01059049	85	8	ssw	5.1	ocr
01059049	85	8	gruene	3.1	ocr
01059050	84	9	without_certificate	97.1	ocr
01059050	84	9	with_certificate	2.9	ocr
01059050	84	9	number_voters	83.6	ocr
01059050	85	9	spd	19.3	ocr
01059050	85	9	fdp	1.3	ocr
01059050	85	9	ssw	0.3	ocr
01059050	85	9	gruene	2.7	ocr
01059051	84	10	without_certificate	92.1	ocr
01059051	84	10	with_certificate	7.9	ocr
01059051	84	10	number_voters	79.5	ocr
01059051	85	10	spd	29.2	ocr
01059051	85	10	ssw	1.8	ocr
01059051	85	10	gruene	3.5	ocr
01059053	84	11	without_certificate	90.5	ocr
01059053	84	11	with_certificate	9.5	ocr
01059053	84	11	number_voters	74.2	ocr
01059053	84	11	invalid_votes	0.1	ocr
01059053	85	11	spd	37.7	ocr
01059053	85	11	fdp	1.8	ocr
01059053	85	11	ssw	0.8	ocr
01059053	85	11	gruene	2.6	ocr
01059055	84	12	without_certificate	91.2	ocr
01059055	84	12	with_certificate	8.8	ocr
01059055	84	12	number_voters	80.2	ocr
01059055	84	12	invalid_votes	1.1	ocr
01059055	85	12	spd	32.6	ocr
01059055	85	12	fdp	1.2	ocr
01059055	85	12	ssw	7.0	ocr
01059055	85	12	gruene	4.7	ocr
01059056	84	13	without_certificate	96.7	ocr
01059056	84	13	with_certificate	3.3	ocr
01059056	84	13	number_voters	88.7	ocr
01059056	85	13	spd	38.8	ocr
01059056	85	13	ssw	3.7	ocr
01059056	85	13	gruene	6.0	ocr
01059057	84	14	without_certificate	95.3	ocr
01059057	84	14	with_certificate	4.7	ocr
01059057	84	14	number_voters	84.7	ocr
01059057	84	14	invalid_votes	0.4	ocr
01059057	85	14	spd	35.2	ocr
01059057	85	14	fdp	1.7	ocr
01059057	85	14	ssw	4.3	ocr
01059057	85	14	gruene	5.7	ocr
01059058	84	15	without_certificate	96.8	ocr
01059058	84	15	with_certificate	3.2	ocr
01059058	84	15	number_voters	82.7	ocr
01059058	85	15	spd	22.0	ocr
01059058	85	15	fdp	0.9	ocr
01059058	85	15	ssw	1.1	ocr
01059058	85	15	gruene	3.1	ocr
01059060	84	16	without_certificate	95.2	ocr
01059060	84	16	with_certificate	4.8	ocr
01059060	84	16	number_voters	82.7	ocr
01059060	85	16	spd	41.1	ocr
01059060	85	16	fdp	1.1	ocr
01059060	85	16	ssw	4.7	ocr
01059060	85	16	dkp	0.2	ocr
01059060	85	16	gruene	2.1	ocr
01059062	84	17	without_certificate	94.6	ocr
01059062	84	17	with_certificate	5.4	ocr
01059062	84	17	number_voters	86.6	visual
01059062	84	17	invalid_votes	0.2	ocr
01059062	85	17	cdu	43.1	ocr
01059062	85	17	fdp	3.5	ocr
01059062	85	17	ssw	5.6	ocr
01059062	85	17	gruene	2.4	ocr
01059063	84	18	without_certificate	94.9	ocr
01059063	84	18	with_certificate	5.1	ocr
01059063	84	18	number_voters	77.9	ocr
01059063	84	18	invalid_votes	0.3	ocr
01059063	85	18	spd	45.1	ocr
01059063	85	18	fdp	1.0	ocr
01059063	85	18	ssw	3.9	ocr
01059063	85	18	gruene	3.9	ocr
01059064	84	19	without_certificate	92.6	ocr
01059064	84	19	with_certificate	7.4	ocr
01059064	84	19	number_voters	81.1	ocr
01059064	84	19	invalid_votes	0.2	ocr
01059064	85	19	spd	34.7	ocr
01059064	85	19	fdp	1.1	ocr
01059064	85	19	dkp	0.2	ocr
01059064	85	19	gruene	2.4	ocr
01059065	84	20	without_certificate	92.4	ocr
01059065	84	20	with_certificate	7.6	ocr
01059065	84	20	number_voters	71.4	ocr
01059065	85	20	spd	30.7	ocr
01059065	85	20	fdp	4.0	ocr
01059065	85	20	ssw	2.7	ocr
01059065	85	20	gruene	2.7	ocr
01059067	84	21	without_certificate	94.0	ocr
01059067	84	21	with_certificate	6.0	ocr
01059067	84	21	number_voters	81.9	ocr
01059067	85	21	spd	45.5	ocr
01059067	85	21	fdp	1.1	ocr
01059067	85	21	ssw	6.3	ocr
01059067	85	21	gruene	0.6	visual
01059068	84	22	without_certificate	90.6	ocr
01059068	84	22	with_certificate	9.4	ocr
01059068	84	22	number_voters	79.0	ocr
01059068	84	22	invalid_votes	0.2	ocr
01059068	85	22	cdu	43.8	ocr
01059068	85	22	fdp	1.2	ocr
01059068	85	22	ssw	7.5	ocr
01059068	85	22	gruene	1.7	ocr
01059069	84	23	without_certificate	95.6	ocr
01059069	84	23	with_certificate	4.4	ocr
01059069	84	23	number_voters	83.8	ocr
01059069	84	23	invalid_votes	1.0	ocr
01059069	85	23	fdp	1.1	ocr
01059069	85	23	ssw	4.2	ocr
01059069	85	23	gruene	3.2	ocr
01059070	84	24	without_certificate	95.0	ocr
01059070	84	24	with_certificate	5.0	ocr
01059070	84	24	number_voters	80.6	ocr
01059070	85	24	fdp	0.7	ocr
01059070	85	24	ssw	6.9	ocr
01059070	85	24	gruene	9.7	ocr
01059071	84	25	without_certificate	93.1	ocr
01059071	84	25	with_certificate	6.9	ocr
01059071	84	25	number_voters	79.8	ocr
01059071	84	25	invalid_votes	0.1	ocr
01059071	85	25	spd	42.2	ocr
01059071	85	25	fdp	1.7	ocr
01059071	85	25	ssw	6.3	ocr
01059071	85	25	gruene	2.7	ocr
01059072	86	1	without_certificate	91.4	ocr
01059072	86	1	with_certificate	8.6	ocr
01059072	86	1	number_voters	84.7	ocr
01059072	87	1	spd	44.9	ocr
01059072	87	1	fdp	2.2	ocr
01059072	87	1	gruene	1.4	ocr
01059073	86	2	without_certificate	93.6	ocr
01059073	86	2	with_certificate	6.4	ocr
01059073	86	2	number_voters	79.6	ocr
01059073	86	2	invalid_votes	0.6	ocr
01059073	87	2	spd	37.5	ocr
01059073	87	2	fdp	2.8	ocr
01059073	87	2	ssw	5.9	ocr
01059073	87	2	gruene	4.2	ocr
01059074	86	3	without_certificate	93.6	ocr
01059074	86	3	with_certificate	6.4	ocr
01059074	86	3	number_voters	78.7	ocr
01059074	86	3	invalid_votes	0.5	ocr
01059074	87	3	spd	39.2	ocr
01059074	87	3	fdp	2.4	ocr
01059074	87	3	ssw	2.4	ocr
01059074	87	3	gruene	3.8	ocr
01059075	86	4	without_certificate	89.6	ocr
01059075	86	4	with_certificate	10.4	ocr
01059075	86	4	number_voters	73.2	ocr
01059075	86	4	invalid_votes	0.1	ocr
01059075	87	4	cdu	42.6	ocr
01059075	87	4	fdp	2.0	ocr
01059075	87	4	dkp	0.1	ocr
01059075	87	4	gruene	2.7	ocr
01059076	86	5	without_certificate	90.9	ocr
01059076	86	5	with_certificate	9.1	ocr
01059076	86	5	number_voters	77.7	ocr
01059076	87	5	spd	38.3	ocr
01059076	87	5	fdp	3.5	ocr
01059076	87	5	ssw	5.6	ocr
01059076	87	5	gruene	3.5	ocr
01059077	86	6	without_certificate	92.3	ocr
01059077	86	6	with_certificate	7.7	ocr
01059077	86	6	number_voters	80.3	ocr
01059077	86	6	invalid_votes	0.2	ocr
01059077	87	6	spd	35.8	ocr
01059077	87	6	fdp	1.4	ocr
01059077	87	6	ssw	5.4	ocr
01059077	87	6	dkp	0.1	ocr
01059077	87	6	gruene	1.6	ocr
01059078	86	7	without_certificate	90.0	ocr
01059078	86	7	with_certificate	10.0	ocr
01059078	86	7	number_voters	79.1	ocr
01059078	87	7	spd	29.8	ocr
01059078	87	7	fdp	3.2	ocr
01059078	87	7	ssw	2.5	ocr
01059078	87	7	gruene	5.5	ocr
01059079	86	8	without_certificate	93.9	ocr
01059079	86	8	with_certificate	6.1	ocr
01059079	86	8	number_voters	79.4	ocr
01059079	87	8	spd	30.2	ocr
01059079	87	8	fdp	1.0	ocr
01059079	87	8	ssw	2.4	ocr
01059079	87	8	dkp	0.1	ocr
01059079	87	8	gruene	1.4	ocr
01059080	86	9	without_certificate	95.6	ocr
01059080	86	9	with_certificate	4.4	ocr
01059080	86	9	number_voters	83.5	ocr
01059080	86	9	invalid_votes	0.5	ocr
01059080	87	9	spd	37.3	ocr
01059080	87	9	fdp	1.5	ocr
01059080	87	9	ssw	6.3	ocr
01059080	87	9	gruene	2.0	ocr
01059081	86	10	without_certificate	95.6	ocr
01059081	86	10	with_certificate	4.4	ocr
01059081	86	10	number_voters	83.0	ocr
01059081	87	10	spd	29.5	ocr
01059081	87	10	fdp	1.4	ocr
01059081	87	10	ssw	2.6	ocr
01059081	87	10	dkp	0.2	visual
01059081	87	10	gruene	3.5	ocr
01059082	86	11	without_certificate	91.9	ocr
01059082	86	11	with_certificate	8.1	ocr
01059082	86	11	number_voters	80.2	ocr
01059082	87	11	spd	37.1	ocr
01059082	87	11	fdp	0.5	ocr
01059082	87	11	ssw	6.6	ocr
01059082	87	11	gruene	1.8	ocr
01059083	86	12	without_certificate	92.2	ocr
01059083	86	12	with_certificate	7.8	ocr
01059083	86	12	number_voters	76.5	ocr
01059083	86	12	invalid_votes	0.2	ocr
01059083	87	12	spd	43.2	ocr
01059083	87	12	fdp	1.6	ocr
01059083	87	12	ssw	4.4	ocr
01059083	87	12	gruene	2.3	ocr
01059084	86	13	without_certificate	90.6	ocr
01059084	86	13	with_certificate	9.4	ocr
01059084	86	13	number_voters	78.3	ocr
01059084	87	13	spd	39.8	ocr
01059084	87	13	fdp	0.4	ocr
01059084	87	13	ssw	0.8	ocr
01059084	87	13	gruene	4.4	ocr
01059085	86	14	without_certificate	92.2	ocr
01059085	86	14	with_certificate	7.8	ocr
01059085	86	14	number_voters	80.6	ocr
01059085	86	14	invalid_votes	0.8	ocr
01059085	87	14	spd	43.4	ocr
01059085	87	14	fdp	1.5	ocr
01059085	87	14	ssw	0.6	ocr
01059085	87	14	gruene	2.3	ocr
01059086	86	15	without_certificate	89.4	ocr
01059086	86	15	with_certificate	10.6	ocr
01059086	86	15	number_voters	78.5	ocr
01059086	87	15	spd	27.0	ocr
01059086	87	15	fdp	1.6	ocr
01059086	87	15	ssw	2.5	ocr
01059086	87	15	dkp	0.2	ocr
01059086	87	15	gruene	2.5	ocr
01059087	86	16	without_certificate	95.7	ocr
01059087	86	16	with_certificate	4.3	ocr
01059087	86	16	number_voters	81.3	ocr
01059087	86	16	invalid_votes	1.2	ocr
01059087	87	16	spd	37.5	ocr
01059087	87	16	fdp	0.4	ocr
01059087	87	16	gruene	1.8	ocr
01059088	86	17	without_certificate	96.0	ocr
01059088	86	17	with_certificate	4.0	ocr
01059088	86	17	number_voters	88.1	ocr
01059088	87	17	spd	14.9	ocr
01059088	87	17	gruene	1.4	ocr
01059090	86	18	without_certificate	92.2	ocr
01059090	86	18	with_certificate	7.8	ocr
01059090	86	18	number_voters	78.5	ocr
01059090	86	18	invalid_votes	0.2	ocr
01059090	87	18	spd	39.6	ocr
01059090	87	18	fdp	0.7	ocr
01059090	87	18	ssw	3.1	ocr
01059090	87	18	dkp	0.2	ocr
01059090	87	18	gruene	4.2	ocr
01059092	86	19	without_certificate	90.9	ocr
01059092	86	19	with_certificate	9.1	ocr
01059092	86	19	number_voters	77.7	ocr
01059092	86	19	invalid_votes	0.1	ocr
01059092	87	19	spd	27.2	ocr
01059092	87	19	fdp	1.9	ocr
01059092	87	19	ssw	5.7	ocr
01059092	87	19	dkp	0.3	ocr
01059092	87	19	gruene	2.3	ocr
01059093	86	20	without_certificate	91.2	ocr
01059093	86	20	with_certificate	8.8	ocr
01059093	86	20	number_voters	77.4	ocr
01059093	87	20	spd	41.7	ocr
01059093	87	20	fdp	1.2	ocr
01059093	87	20	ssw	5.3	ocr
01059093	87	20	gruene	1.6	ocr
01059094	86	21	without_certificate	90.4	ocr
01059094	86	21	with_certificate	9.6	ocr
01059094	86	21	number_voters	78.6	ocr
01059094	86	21	invalid_votes	0.5	ocr
01059094	87	21	spd	35.4	ocr
01059094	87	21	ssw	1.3	ocr
01059094	87	21	dkp	0.5	ocr
01059094	87	21	gruene	4.0	ocr
01059095	86	22	without_certificate	94.0	ocr
01059095	86	22	with_certificate	6.0	ocr
01059095	86	22	number_voters	76.1	ocr
01059095	87	22	spd	31.4	visual
01059095	87	22	fdp	0.7	ocr
01059095	87	22	ssw	5.2	ocr
01059096	86	23	without_certificate	94.8	ocr
01059096	86	23	with_certificate	5.2	ocr
01059096	86	23	number_voters	83.9	ocr
01059096	87	23	spd	27.3	ocr
01059096	87	23	fdp	1.7	ocr
01059096	87	23	ssw	2.0	ocr
01059096	87	23	gruene	6.8	ocr
01059097	86	24	without_certificate	93.2	ocr
01059097	86	24	with_certificate	6.8	ocr
01059097	86	24	number_voters	82.8	ocr
01059097	87	24	spd	35.2	ocr
01059097	87	24	fdp	0.7	ocr
01059097	87	24	ssw	1.4	ocr
01059097	87	24	gruene	3.8	ocr
01059098	86	25	without_certificate	93.1	ocr
01059098	86	25	with_certificate	6.9	ocr
01059098	86	25	number_voters	85.5	ocr
01059098	87	25	spd	41.4	ocr
01059098	87	25	fdp	1.7	ocr
01059098	87	25	ssw	2.7	ocr
01059098	87	25	gruene	3.8	ocr
01059101	88	1	without_certificate	92.7	ocr
01059101	88	1	with_certificate	7.3	ocr
01059101	88	1	number_voters	84.6	ocr
01059101	89	1	spd	36.1	ocr
01059101	89	1	fdp	1.4	ocr
01059101	89	1	ssw	9.1	ocr
01059101	89	1	dkp	0.5	ocr
01059101	89	1	dgl	0.5	ocr
01059101	89	1	gruene	3.7	ocr
01059102	88	2	without_certificate	93.3	ocr
01059102	88	2	with_certificate	6.7	ocr
01059102	88	2	number_voters	81.8	ocr
01059102	89	2	spd	37.0	ocr
01059102	89	2	fdp	1.5	ocr
01059102	89	2	dgl	1.5	ocr
01059102	89	2	gruene	1.5	ocr
01059103	88	3	without_certificate	96.3	ocr
01059103	88	3	with_certificate	3.7	ocr
01059103	88	3	number_voters	82.7	ocr
01059103	88	3	invalid_votes	0.6	ocr
01059103	89	3	spd	39.5	ocr
01059103	89	3	fdp	1.7	ocr
01059103	89	3	ssw	3.4	ocr
01059103	89	3	dgl	0.3	ocr
01059103	89	3	gruene	3.6	ocr
01059105	88	4	without_certificate	97.4	ocr
01059105	88	4	with_certificate	2.6	ocr
01059105	88	4	number_voters	89.7	ocr
01059105	89	4	spd	28.6	ocr
01059105	89	4	ssw	11.4	ocr
01059105	89	4	gruene	5.7	ocr
01059106	88	5	without_certificate	92.5	ocr
01059106	88	5	with_certificate	7.5	ocr
01059106	88	5	invalid_votes	0.5	ocr
01059106	89	5	spd	30.5	ocr
01059106	89	5	fdp	0.9	ocr
01059106	89	5	ssw	3.8	ocr
01059106	89	5	dgl	0.2	ocr
01059106	89	5	gruene	2.4	ocr
01059107	88	6	without_certificate	90.1	ocr
01059107	88	6	with_certificate	9.9	ocr
01059107	88	6	number_voters	74.8	ocr
01059107	88	6	invalid_votes	0.1	ocr
01059107	89	6	spd	36.9	ocr
01059107	89	6	fdp	1.1	ocr
01059107	89	6	ssw	4.8	ocr
01059107	89	6	dgl	0.2	ocr
01059107	89	6	gruene	2.7	ocr
01059109	88	7	without_certificate	90.8	ocr
01059109	88	7	with_certificate	9.2	ocr
01059109	88	7	invalid_votes	0.4	ocr
01059109	89	7	spd	35.2	ocr
01059109	89	7	fdp	3.1	ocr
01059109	89	7	ssw	5.6	ocr
01059109	89	7	gruene	3.3	ocr
01059112	88	8	without_certificate	92.0	ocr
01059112	88	8	with_certificate	8.0	ocr
01059112	88	8	invalid_votes	0.1	ocr
01059112	89	8	spd	43.7	ocr
01059112	89	8	fdp	1.6	ocr
01059112	89	8	ssw	2.5	ocr
01059112	89	8	dkp	0.1	ocr
01059112	89	8	gruene	2.4	ocr
01059113	88	9	without_certificate	84.3	ocr
01059113	88	9	with_certificate	15.7	ocr
01059113	88	9	number_voters	74.8	ocr
01059113	88	9	invalid_votes	0.3	ocr
01059113	89	9	spd	35.1	ocr
01059113	89	9	fdp	2.3	ocr
01059113	89	9	ssw	7.7	ocr
01059113	89	9	dgl	0.9	ocr
01059113	89	9	gruene	2.4	ocr
01059115	88	10	without_certificate	95.0	visual
01059115	88	10	with_certificate	5.0	ocr
01059115	88	10	number_voters	81.0	ocr
01059115	88	10	invalid_votes	0.2	ocr
01059115	89	10	spd	36.3	ocr
01059115	89	10	fdp	1.8	ocr
01059115	89	10	ssw	12.8	ocr
01059115	89	10	dgl	0.2	ocr
01059115	89	10	gruene	3.0	ocr
01059116	88	11	without_certificate	94.6	ocr
01059116	88	11	with_certificate	5.4	ocr
01059116	88	11	number_voters	79.7	ocr
01059116	88	11	invalid_votes	0.2	ocr
01059116	89	11	spd	31.3	ocr
01059116	89	11	fdp	1.7	ocr
01059116	89	11	ssw	7.3	ocr
01059116	89	11	dkp	0.1	ocr
01059116	89	11	dgl	0.5	ocr
01059116	89	11	gruene	2.2	ocr
01059118	88	12	without_certificate	89.8	ocr
01059118	88	12	with_certificate	10.2	ocr
01059118	88	12	number_voters	77.5	ocr
01059118	88	12	invalid_votes	0.4	ocr
01059118	89	12	spd	38.0	ocr
01059118	89	12	fdp	1.7	ocr
01059118	89	12	ssw	9.4	ocr
01059118	89	12	dkp	0.2	visual
01059118	89	12	dgl	0.4	ocr
01059118	89	12	gruene	2.5	ocr
01059119	88	13	without_certificate	93.9	ocr
01059119	88	13	with_certificate	6.1	ocr
01059119	88	13	number_voters	79.1	ocr
01059119	88	13	invalid_votes	0.5	ocr
01059119	89	13	spd	34.2	ocr
01059119	89	13	fdp	1.3	ocr
01059119	89	13	ssw	11.8	ocr
01059119	89	13	dkp	0.2	ocr
01059119	89	13	dgl	0.1	ocr
01059119	89	13	gruene	2.7	ocr
01059120	88	14	without_certificate	91.8	ocr
01059120	88	14	with_certificate	8.2	ocr
01059120	88	14	number_voters	78.8	ocr
01059120	88	14	invalid_votes	0.2	ocr
01059120	89	14	cdu	36.2	ocr
01059120	89	14	fdp	1.2	ocr
01059120	89	14	ssw	20.6	ocr
01059120	89	14	dgl	0.2	ocr
01059120	89	14	gruene	1.9	ocr
01059121	88	15	without_certificate	92.1	ocr
01059121	88	15	with_certificate	7.9	ocr
01059121	88	15	number_voters	74.4	ocr
01059121	88	15	invalid_votes	0.2	ocr
01059121	89	15	spd	41.2	ocr
01059121	89	15	fdp	1.6	ocr
01059121	89	15	ssw	4.2	ocr
01059121	89	15	gruene	1.8	ocr
01059123	88	16	without_certificate	94.4	ocr
01059123	88	16	with_certificate	5.6	ocr
01059123	88	16	number_voters	81.5	ocr
01059123	88	16	invalid_votes	0.3	ocr
01059123	89	16	spd	12.0	ocr
01059123	89	16	fdp	0.6	ocr
01059123	89	16	ssw	7.2	ocr
01059123	89	16	dgl	0.6	ocr
01059123	89	16	gruene	1.5	ocr
01059124	88	17	without_certificate	96.0	ocr
01059124	88	17	with_certificate	4.0	ocr
01059124	88	17	number_voters	79.9	ocr
01059124	89	17	spd	16.0	ocr
01059124	89	17	fdp	1.7	ocr
01059124	89	17	ssw	6.7	ocr
01059126	88	18	without_certificate	94.4	ocr
01059126	88	18	number_voters	83.2	ocr
01059126	88	18	invalid_votes	0.3	ocr
01059126	89	18	spd	37.5	ocr
01059126	89	18	fdp	1.7	ocr
01059126	89	18	ssw	6.8	ocr
01059126	89	18	dgl	0.4	ocr
01059126	89	18	gruene	3.0	ocr
01059127	88	19	with_certificate	7.2	ocr
01059127	89	19	spd	39.3	ocr
01059127	89	19	fdp	2.8	ocr
01059127	89	19	ssw	8.2	ocr
01059127	89	19	dgl	0.6	ocr
01059127	89	19	gruene	3.6	ocr
01059128	88	20	without_certificate	92.9	ocr
01059128	88	20	with_certificate	7.1	ocr
01059128	89	20	spd	15.0	ocr
01059128	89	20	fdp	0.8	ocr
01059128	89	20	ssw	3.2	ocr
01059128	89	20	gruene	2.0	ocr
01059129	88	21	without_certificate	96.3	ocr
01059129	88	21	with_certificate	3.7	ocr
01059129	88	21	number_voters	82.4	ocr
01059129	89	21	spd	23.0	ocr
01059129	89	21	fdp	0.6	ocr
01059129	89	21	ssw	3.9	ocr
01059129	89	21	gruene	3.4	ocr
01059131	88	22	without_certificate	94.0	ocr
01059131	88	22	with_certificate	6.0	ocr
01059131	88	22	number_voters	82.5	ocr
01059131	88	22	invalid_votes	0.2	ocr
01059131	89	22	fdp	1.7	ocr
01059131	89	22	ssw	4.7	ocr
01059131	89	22	dkp	0.2	ocr
01059131	89	22	dgl	0.2	ocr
01059131	89	22	gruene	3.8	ocr
01059132	88	23	without_certificate	90.7	ocr
01059132	88	23	with_certificate	9.3	ocr
01059132	88	23	number_voters	80.4	ocr
01059132	89	23	spd	28.7	ocr
01059132	89	23	fdp	0.2	ocr
01059132	89	23	ssw	2.9	ocr
01059132	89	23	gruene	2.4	ocr
01059136	88	24	without_certificate	93.1	ocr
01059136	88	24	with_certificate	6.9	ocr
01059136	88	24	number_voters	80.9	ocr
01059136	89	24	spd	40.0	ocr
01059136	89	24	fdp	0.6	ocr
01059136	89	24	ssw	2.4	ocr
01059136	89	24	gruene	0.6	ocr
01059137	88	25	without_certificate	90.5	ocr
01059137	88	25	with_certificate	9.5	ocr
01059137	88	25	number_voters	79.7	ocr
01059137	88	25	invalid_votes	0.3	ocr
01059137	89	25	spd	40.1	ocr
01059137	89	25	fdp	2.4	ocr
01059137	89	25	ssw	3.9	ocr
01059137	89	25	dgl	0.7	ocr
01059137	89	25	gruene	3.0	ocr
01059138	90	1	without_certificate	91.1	ocr
01059138	90	1	with_certificate	8.9	ocr
01059138	90	1	number_voters	79.1	ocr
01059138	91	1	spd	31.2	ocr
01059138	91	1	ssw	3.9	ocr
01059138	91	1	gruene	1.4	ocr
01059141	90	2	without_certificate	91.5	ocr
01059141	90	2	with_certificate	8.5	ocr
01059141	90	2	number_voters	79.6	ocr
01059141	91	2	spd	38.7	ocr
01059141	91	2	fdp	1.4	ocr
01059141	91	2	ssw	7.2	ocr
01059141	91	2	dgl	0.5	ocr
01059141	91	2	gruene	2.6	ocr
01059142	90	3	without_certificate	89.0	ocr
01059142	90	3	with_certificate	11.0	ocr
01059142	90	3	number_voters	76.2	ocr
01059142	90	3	invalid_votes	0.2	ocr
01059142	91	3	cdu	43.9	ocr
01059142	91	3	fdp	0.9	ocr
01059142	91	3	ssw	3.9	ocr
01059142	91	3	gruene	1.4	ocr
01059143	90	4	without_certificate	94.0	ocr
01059143	90	4	with_certificate	6.0	ocr
01059143	90	4	number_voters	81.7	ocr
01059143	90	4	invalid_votes	0.2	ocr
01059143	91	4	spd	33.6	ocr
01059143	91	4	fdp	0.5	ocr
01059143	91	4	gruene	0.7	ocr
01059144	90	5	without_certificate	96.0	ocr
01059144	90	5	with_certificate	4.0	ocr
01059144	91	5	spd	24.5	ocr
01059144	91	5	fdp	0.3	ocr
01059144	91	5	ssw	4.7	ocr
01059144	91	5	dgl	0.3	visual
01059144	91	5	gruene	4.1	ocr
01059145	90	6	without_certificate	92.5	ocr
01059145	90	6	with_certificate	7.5	ocr
01059145	90	6	invalid_votes	0.3	ocr
01059145	91	6	spd	35.1	ocr
01059145	91	6	fdp	1.9	ocr
01059145	91	6	ssw	3.6	ocr
01059145	91	6	dgl	0.9	ocr
01059145	91	6	gruene	2.6	ocr
01059147	90	7	without_certificate	91.2	ocr
01059147	90	7	with_certificate	8.8	ocr
01059147	90	7	number_voters	63.3	ocr
01059147	91	7	spd	37.6	ocr
01059147	91	7	fdp	2.2	ocr
01059147	91	7	gruene	9.7	ocr
01059148	90	8	without_certificate	93.9	ocr
01059148	90	8	with_certificate	6.1	ocr
01059148	90	8	number_voters	76.6	ocr
01059148	90	8	invalid_votes	0.3	ocr
01059148	91	8	spd	37.9	ocr
01059148	91	8	fdp	0.3	ocr
01059148	91	8	ssw	7.1	ocr
01059148	91	8	dgl	0.9	ocr
01059148	91	8	gruene	0.9	ocr
01059149	90	9	without_certificate	93.0	ocr
01059149	90	9	with_certificate	7.0	ocr
01059149	90	9	number_voters	79.0	ocr
01059149	91	9	spd	18.1	ocr
01059149	91	9	fdp	1.2	ocr
01059149	91	9	ssw	7.2	ocr
01059149	91	9	gruene	4.0	ocr
01059150	90	10	without_certificate	93.3	ocr
01059150	90	10	with_certificate	6.7	ocr
01059150	90	10	number_voters	80.1	ocr
01059150	90	10	invalid_votes	0.1	ocr
01059150	91	10	spd	39.6	ocr
01059150	91	10	fdp	2.3	ocr
01059150	91	10	ssw	9.8	ocr
01059150	91	10	dgl	0.3	ocr
01059150	91	10	gruene	2.5	ocr
01059151	90	11	without_certificate	93.2	ocr
01059151	90	11	with_certificate	6.8	ocr
01059151	90	11	number_voters	85.5	ocr
01059151	91	11	spd	27.1	ocr
01059151	91	11	fdp	0.5	ocr
01059151	91	11	ssw	6.9	ocr
01059151	91	11	gruene	4.3	ocr
01059152	90	12	without_certificate	88.1	ocr
01059152	90	12	with_certificate	11.9	ocr
01059152	90	12	number_voters	79.2	ocr
01059152	91	12	spd	42.1	ocr
01059152	91	12	fdp	0.8	ocr
01059152	91	12	ssw	1.5	ocr
01059152	91	12	gruene	5.3	ocr
01059153	90	13	without_certificate	91.1	ocr
01059153	90	13	number_voters	76.4	ocr
01059153	90	13	invalid_votes	0.3	ocr
01059153	91	13	spd	36.4	ocr
01059153	91	13	fdp	2.4	ocr
01059153	91	13	ssw	6.7	ocr
01059153	91	13	dgl	0.5	ocr
01059153	91	13	gruene	3.8	ocr
01059154	90	14	without_certificate	93.8	ocr
01059154	90	14	with_certificate	6.2	ocr
01059154	90	14	number_voters	79.9	ocr
01059154	91	14	cdu	39.0	ocr
01059154	91	14	fdp	1.6	ocr
01059154	91	14	ssw	3.9	ocr
01059154	91	14	gruene	3.2	ocr
01059155	90	15	without_certificate	90.3	visual
01059155	90	15	with_certificate	9.7	ocr
01059155	90	15	number_voters	80.5	ocr
01059155	90	15	invalid_votes	0.6	ocr
01059155	91	15	cdu	46.8	visual
01059155	91	15	ssw	0.6	ocr
01059155	91	15	gruene	3.2	ocr
01059157	90	16	without_certificate	93.7	ocr
01059157	90	16	with_certificate	6.3	ocr
01059157	90	16	number_voters	75.2	ocr
01059157	91	16	spd	31.2	ocr
01059157	91	16	fdp	1.9	ocr
01059157	91	16	ssw	5.1	ocr
01059157	91	16	gruene	1.4	ocr
01059158	90	17	without_certificate	91.6	ocr
01059158	90	17	with_certificate	8.4	ocr
01059158	90	17	number_voters	81.2	ocr
01059158	90	17	invalid_votes	0.5	ocr
01059158	91	17	spd	29.2	ocr
01059158	91	17	fdp	1.2	ocr
01059158	91	17	ssw	16.8	ocr
01059158	91	17	dgl	0.5	visual
01059158	91	17	gruene	2.2	ocr
01059159	90	18	without_certificate	94.4	ocr
01059159	90	18	with_certificate	5.6	ocr
01059159	90	18	number_voters	82.5	ocr
01059159	91	18	spd	30.8	ocr
01059159	91	18	fdp	1.6	ocr
01059159	91	18	ssw	5.9	ocr
01059159	91	18	dkp	0.1	ocr
01059159	91	18	dgl	0.7	ocr
01059159	91	18	gruene	3.7	ocr
01059161	90	19	without_certificate	92.1	ocr
01059161	90	19	with_certificate	7.9	ocr
01059161	90	19	number_voters	78.1	ocr
01059161	90	19	invalid_votes	0.5	visual
01059161	91	19	spd	39.8	ocr
01059161	91	19	fdp	2.3	ocr
01059161	91	19	ssw	5.4	ocr
01059161	91	19	dkp	0.1	ocr
01059161	91	19	dgl	0.4	ocr
01059161	91	19	gruene	3.6	ocr
01059162	90	20	without_certificate	94.4	ocr
01059162	90	20	number_voters	77.5	ocr
01059162	91	20	spd	28.6	ocr
01059162	91	20	fdp	0.7	ocr
01059162	91	20	ssw	1.7	ocr
01059162	91	20	gruene	0.7	ocr
01059163	90	21	without_certificate	89.9	ocr
01059163	90	21	with_certificate	10.1	ocr
01059163	90	21	number_voters	72.9	ocr
01059163	90	21	invalid_votes	0.7	ocr
01059163	91	21	spd	36.1	ocr
01059163	91	21	fdp	0.7	ocr
01059163	91	21	ssw	4.9	ocr
01059163	91	21	gruene	4.2	ocr
01059164	90	22	without_certificate	92.0	ocr
01059164	90	22	with_certificate	8.0	ocr
01059164	90	22	number_voters	79.0	ocr
01059164	90	22	invalid_votes	0.2	ocr
01059164	91	22	spd	30.2	ocr
01059164	91	22	fdp	2.2	ocr
01059164	91	22	ssw	3.3	ocr
01059164	91	22	dgl	1.3	ocr
01059164	91	22	gruene	4.2	ocr
01059165	90	23	without_certificate	91.7	ocr
01059165	90	23	with_certificate	8.3	ocr
01059165	90	23	number_voters	78.7	ocr
01059165	90	23	invalid_votes	0.1	ocr
01059165	91	23	spd	42.2	ocr
01059165	91	23	fdp	1.8	ocr
01059165	91	23	ssw	2.5	ocr
01059165	91	23	dgl	0.7	ocr
01059165	91	23	gruene	2.1	ocr
01059167	90	24	without_certificate	92.8	ocr
01059167	90	24	with_certificate	7.2	ocr
01059167	90	24	number_voters	81.2	ocr
01059167	90	24	invalid_votes	0.6	ocr
01059167	91	24	spd	34.5	ocr
01059167	91	24	fdp	1.1	ocr
01059167	91	24	ssw	3.0	ocr
01059167	91	24	dgl	0.2	ocr
01059167	91	24	gruene	2.4	ocr
01059168	90	25	without_certificate	88.8	ocr
01059168	90	25	with_certificate	11.2	ocr
01059168	90	25	number_voters	72.7	ocr
01059168	90	25	invalid_votes	0.5	ocr
01059168	91	25	spd	37.8	ocr
01059168	91	25	fdp	0.8	ocr
01059168	91	25	ssw	3.6	ocr
01059168	91	25	gruene	2.5	ocr
01059169	92	1	without_certificate	93.1	ocr
01059169	92	1	with_certificate	6.9	ocr
01059169	92	1	number_voters	80.2	ocr
01059169	93	1	spd	30.2	ocr
01059169	93	1	fdp	1.5	ocr
01059169	93	1	ssw	3.0	ocr
01059169	93	1	gruene	0.5	ocr
01059171	92	2	without_certificate	93.8	ocr
01059171	92	2	with_certificate	6.2	ocr
01059171	92	2	number_voters	79.6	ocr
01059171	92	2	invalid_votes	0.1	ocr
01059171	93	2	spd	40.2	ocr
01059171	93	2	fdp	2.9	ocr
01059171	93	2	ssw	4.5	ocr
01059171	93	2	dgl	0.1	ocr
01059171	93	2	gruene	1.9	ocr
01059173	92	3	without_certificate	92.8	ocr
01059173	92	3	with_certificate	7.2	ocr
01059173	92	3	number_voters	82.9	ocr
01059173	93	3	spd	42.0	ocr
01059173	93	3	fdp	1.7	ocr
01059173	93	3	ssw	11.1	ocr
01059173	93	3	dgl	0.2	ocr
01059173	93	3	gruene	1.5	ocr
01059174	92	4	without_certificate	93.2	ocr
01059174	92	4	with_certificate	6.8	ocr
01059174	92	4	number_voters	81.2	ocr
01059174	92	4	invalid_votes	0.1	ocr
01059174	93	4	spd	32.8	ocr
01059174	93	4	fdp	1.7	ocr
01059174	93	4	ssw	8.6	ocr
01059174	93	4	dkp	0.1	ocr
01059174	93	4	dgl	0.1	ocr
01059174	93	4	gruene	2.7	ocr
01059176	92	5	without_certificate	90.6	ocr
01059176	92	5	with_certificate	9.4	ocr
01059176	92	5	number_voters	82.2	ocr
01059176	93	5	spd	38.8	ocr
01059176	93	5	fdp	2.0	ocr
01059176	93	5	ssw	8.2	ocr
01059176	93	5	dkp	0.1	ocr
01059176	93	5	dgl	0.6	ocr
01059176	93	5	gruene	2.9	ocr
01059177	92	6	without_certificate	94.8	ocr
01059177	92	6	with_certificate	5.2	ocr
01059177	93	6	spd	18.4	ocr
01059177	93	6	fdp	0.7	ocr
01059177	93	6	ssw	13.7	ocr
01059177	93	6	gruene	4.0	ocr
01059178	92	7	without_certificate	88.3	ocr
01059178	92	7	with_certificate	11.7	ocr
01059178	92	7	number_voters	77.9	ocr
01059178	93	7	spd	32.5	ocr
01059178	93	7	fdp	1.0	ocr
01059178	93	7	ssw	3.4	ocr
01059178	93	7	dkp	0.3	ocr
01059178	93	7	dgl	1.6	ocr
01059178	93	7	gruene	3.1	ocr
01059179	92	8	without_certificate	93.6	ocr
01059179	92	8	with_certificate	6.4	ocr
01059179	92	8	number_voters	79.3	ocr
01059179	92	8	invalid_votes	0.3	ocr
01059179	93	8	spd	26.2	ocr
01059179	93	8	fdp	1.3	ocr
01059179	93	8	ssw	4.5	ocr
01059179	93	8	dgl	0.2	ocr
01059179	93	8	gruene	3.1	ocr
01059180	92	9	without_certificate	94.1	ocr
01059180	92	9	with_certificate	5.9	ocr
01059180	92	9	number_voters	80.8	ocr
01059180	92	9	invalid_votes	0.1	ocr
01059180	93	9	fdp	1.8	ocr
01059180	93	9	ssw	12.6	ocr
01059180	93	9	dgl	0.3	ocr
01059180	93	9	gruene	2.2	ocr
01059181	92	10	without_certificate	95.0	ocr
01059181	92	10	with_certificate	5.0	ocr
01059181	92	10	number_voters	84.1	ocr
01059181	93	10	spd	36.1	ocr
01059181	93	10	fdp	1.4	ocr
01059181	93	10	ssw	7.9	ocr
01059181	93	10	dkp	0.1	ocr
01059181	93	10	dgl	0.3	ocr
01059181	93	10	gruene	2.6	ocr
01059182	92	11	without_certificate	94.2	ocr
01059182	92	11	with_certificate	5.8	ocr
01059182	92	11	number_voters	81.6	ocr
01059182	93	11	spd	41.8	ocr
01059182	93	11	fdp	1.0	ocr
01059182	93	11	ssw	4.6	ocr
01059182	93	11	gruene	2.7	ocr
01060002	94	1	without_certificate	92.8	ocr
01060002	94	1	with_certificate	7.2	ocr
01060002	94	1	invalid_votes	0.3	ocr
01060002	95	1	spd	32.7	ocr
01060002	95	1	fdp	1.4	ocr
01060002	95	1	gruene	5.5	ocr
01060003	94	2	without_certificate	97.2	ocr
01060003	94	2	with_certificate	2.8	ocr
01060003	94	2	number_voters	85.3	ocr
01060003	94	2	invalid_votes	0.5	ocr
01060003	95	2	spd	26.6	ocr
01060003	95	2	fdp	1.9	ocr
01060003	95	2	gruene	1.9	ocr
01060004	94	3	without_certificate	90.2	ocr
01060004	94	3	with_certificate	9.8	ocr
01060004	94	3	number_voters	72.7	ocr
01060004	94	3	invalid_votes	0.3	ocr
01060004	95	3	spd	36.1	ocr
01060004	95	3	fdp	3.4	ocr
01060004	95	3	gruene	3.4	ocr
01060005	94	4	without_certificate	90.2	ocr
01060005	94	4	with_certificate	9.8	ocr
01060005	94	4	number_voters	75.0	ocr
01060005	94	4	invalid_votes	0.3	ocr
01060005	95	4	spd	39.3	ocr
01060005	95	4	fdp	2.6	ocr
01060005	95	4	dgl	0.6	ocr
01060006	94	5	without_certificate	99.3	ocr
01060006	94	5	with_certificate	0.7	ocr
01060006	94	5	number_voters	82.1	ocr
01060006	95	5	spd	35.5	ocr
01060006	95	5	dgl	0.9	ocr
01060006	95	5	gruene	0.9	ocr
01060007	94	6	without_certificate	95.7	ocr
01060007	94	6	with_certificate	4.3	ocr
01060007	94	6	number_voters	82.9	ocr
01060007	94	6	invalid_votes	0.2	ocr
01060007	95	6	spd	39.4	ocr
01060007	95	6	fdp	2.1	ocr
01060007	95	6	gruene	2.7	ocr
01060008	94	7	without_certificate	92.7	ocr
01060008	94	7	with_certificate	7.3	ocr
01060008	94	7	number_voters	83.6	ocr
01060008	94	7	invalid_votes	0.3	ocr
01060008	95	7	spd	27.6	ocr
01060008	95	7	fdp	3.2	ocr
01060008	95	7	dgl	0.6	ocr
01060008	95	7	gruene	5.0	ocr
01060009	94	8	without_certificate	96.2	ocr
01060009	94	8	with_certificate	3.8	ocr
01060009	94	8	number_voters	85.7	ocr
01060009	94	8	invalid_votes	0.5	ocr
01060009	95	8	spd	26.8	ocr
01060009	95	8	fdp	8.9	ocr
01060009	95	8	gruene	2.2	ocr
01060010	94	9	without_certificate	95.1	ocr
01060010	94	9	with_certificate	4.9	ocr
01060010	94	9	number_voters	81.6	ocr
01060010	95	9	spd	32.3	ocr
01060010	95	9	fdp	1.9	ocr
01060010	95	9	dgl	0.8	ocr
01060010	95	9	gruene	5.3	ocr
01060011	94	10	without_certificate	91.7	ocr
01060011	94	10	with_certificate	8.3	ocr
01060011	94	10	number_voters	79.0	ocr
01060011	94	10	invalid_votes	0.2	ocr
01060011	95	10	spd	39.5	ocr
01060011	95	10	fdp	1.9	ocr
01060011	95	10	gruene	2.6	ocr
01060012	94	11	without_certificate	93.4	ocr
01060012	94	11	with_certificate	6.6	ocr
01060012	94	11	number_voters	76.7	ocr
01060012	94	11	invalid_votes	0.2	ocr
01060012	95	11	spd	41.9	ocr
01060012	95	11	fdp	2.1	ocr
01060012	95	11	dgl	0.2	ocr
01060012	95	11	gruene	2.5	ocr
01060013	94	12	without_certificate	88.1	ocr
01060013	94	12	with_certificate	11.9	ocr
01060013	94	12	number_voters	76.2	ocr
01060013	95	12	spd	42.9	ocr
01060013	95	12	fdp	1.3	ocr
01060013	95	12	gruene	2.6	ocr
01060015	94	13	without_certificate	94.4	ocr
01060015	94	13	with_certificate	5.6	ocr
01060015	94	13	number_voters	79.4	ocr
01060015	94	13	invalid_votes	0.5	ocr
01060015	95	13	spd	31.2	ocr
01060015	95	13	fdp	1.0	ocr
01060015	95	13	dgl	2.0	visual
01060015	95	13	gruene	7.0	ocr
01060016	94	14	without_certificate	96.2	ocr
01060016	94	14	with_certificate	3.8	ocr
01060016	94	14	number_voters	76.2	ocr
01060016	95	14	spd	40.7	ocr
01060016	95	14	fdp	1.3	ocr
01060016	95	14	gruene	2.8	ocr
01060017	94	15	without_certificate	96.5	ocr
01060017	94	15	with_certificate	3.5	ocr
01060017	94	15	number_voters	85.0	visual
01060017	95	15	spd	27.2	ocr
01060017	95	15	dgl	1.4	ocr
01060017	95	15	gruene	3.4	ocr
01060018	94	16	without_certificate	97.7	ocr
01060018	94	16	with_certificate	2.3	ocr
01060018	94	16	number_voters	88.4	ocr
01060018	95	16	spd	21.1	ocr
01060018	95	16	gruene	7.9	ocr
01060019	94	17	without_certificate	93.8	ocr
01060019	94	17	with_certificate	6.2	ocr
01060019	94	17	invalid_votes	0.1	ocr
01060019	95	17	spd	44.2	ocr
01060019	95	17	fdp	2.4	ocr
01060019	95	17	gruene	3.1	ocr
01060020	94	18	without_certificate	94.3	ocr
01060020	94	18	with_certificate	5.7	ocr
01060020	94	18	number_voters	81.4	ocr
01060020	94	18	invalid_votes	0.3	ocr
01060020	95	18	spd	35.0	ocr
01060020	95	18	fdp	1.9	ocr
01060020	95	18	dkp	0.1	ocr
01060020	95	18	gruene	2.2	ocr
01060021	94	19	without_certificate	96.3	ocr
01060021	94	19	with_certificate	3.7	ocr
01060021	94	19	number_voters	75.1	ocr
01060021	95	19	spd	15.5	ocr
01060021	95	19	fdp	0.7	ocr
01060021	95	19	dkp	0.7	ocr
01060021	95	19	gruene	2.1	ocr
01060022	94	20	without_certificate	95.8	ocr
01060022	94	20	with_certificate	4.2	ocr
01060022	94	20	number_voters	83.3	ocr
01060022	94	20	invalid_votes	1.3	ocr
01060022	95	20	fdp	5.1	ocr
01060022	95	20	dgl	0.6	ocr
01060022	95	20	gruene	3.8	ocr
01060023	94	21	without_certificate	96.7	ocr
01060023	94	21	with_certificate	3.3	ocr
01060023	94	21	number_voters	81.9	ocr
01060023	95	21	spd	24.9	ocr
01060023	95	21	fdp	1.8	ocr
01060023	95	21	gruene	2.3	ocr
01060024	94	22	without_certificate	92.2	ocr
01060024	94	22	with_certificate	7.8	ocr
01060024	94	22	number_voters	84.0	ocr
01060024	94	22	invalid_votes	0.4	ocr
01060024	95	22	spd	28.1	ocr
01060024	95	22	fdp	1.1	ocr
01060024	95	22	dgl	0.7	ocr
01060024	95	22	gruene	2.9	ocr
01060025	94	23	without_certificate	89.5	ocr
01060025	94	23	with_certificate	10.5	ocr
01060025	94	23	number_voters	81.4	ocr
01060025	94	23	invalid_votes	0.2	ocr
01060025	95	23	cdu	45.4	ocr
01060025	95	23	fdp	3.3	ocr
01060025	95	23	dkp	0.2	ocr
01060025	95	23	gruene	1.3	ocr
01060026	94	24	without_certificate	93.8	ocr
01060026	94	24	with_certificate	6.2	ocr
01060026	94	24	number_voters	81.6	ocr
01060026	94	24	invalid_votes	0.4	ocr
01060026	95	24	spd	24.2	ocr
01060026	95	24	fdp	1.2	ocr
01060026	95	24	dgl	1.2	ocr
01060026	95	24	gruene	3.6	visual
01060027	94	25	without_certificate	95.3	ocr
01060027	94	25	with_certificate	4.7	ocr
01060027	94	25	number_voters	82.6	ocr
01060027	94	25	invalid_votes	0.6	ocr
01060027	95	25	spd	32.6	ocr
01060027	95	25	fdp	3.6	ocr
01060027	95	25	gruene	2.4	ocr
01060028	96	1	without_certificate	94.9	ocr
01060028	96	1	with_certificate	5.1	ocr
01060028	96	1	number_voters	83.0	ocr
01060028	96	1	invalid_votes	0.2	ocr
01060028	97	1	spd	36.1	ocr
01060028	97	1	fdp	2.1	ocr
01060028	97	1	dgl	0.5	ocr
01060028	97	1	gruene	2.6	ocr
01060029	96	2	without_certificate	92.8	ocr
01060029	96	2	with_certificate	7.2	ocr
01060029	96	2	number_voters	81.0	ocr
01060029	97	2	spd	38.6	ocr
01060029	97	2	fdp	1.8	ocr
01060029	97	2	dgl	0.3	ocr
01060029	97	2	gruene	4.2	ocr
01060030	96	3	without_certificate	91.5	ocr
01060030	96	3	with_certificate	8.5	ocr
01060030	96	3	number_voters	83.9	ocr
01060030	96	3	invalid_votes	0.3	ocr
01060030	97	3	spd	31.5	ocr
01060030	97	3	fdp	1.4	ocr
01060030	97	3	dkp	0.3	ocr
01060030	97	3	dgl	1.0	ocr
01060030	97	3	gruene	4.1	ocr
01060031	96	4	without_certificate	96.4	ocr
01060031	96	4	with_certificate	3.6	ocr
01060031	96	4	number_voters	83.0	ocr
01060031	96	4	invalid_votes	0.4	ocr
01060031	97	4	spd	30.3	ocr
01060031	97	4	fdp	1.3	ocr
01060031	97	4	gruene	1.3	ocr
01060033	96	5	without_certificate	95.5	ocr
01060033	96	5	with_certificate	4.5	ocr
01060033	96	5	number_voters	84.0	ocr
01060033	97	5	spd	22.2	ocr
01060033	97	5	fdp	2.2	ocr
01060033	97	5	gruene	5.0	ocr
01060034	96	6	without_certificate	91.7	ocr
01060034	96	6	with_certificate	8.3	ocr
01060034	96	6	number_voters	76.1	ocr
01060034	96	6	invalid_votes	0.1	ocr
01060034	97	6	spd	37.9	ocr
01060034	97	6	fdp	2.6	ocr
01060034	97	6	gruene	4.4	ocr
01060035	96	7	without_certificate	95.0	ocr
01060035	96	7	with_certificate	5.0	ocr
01060035	96	7	number_voters	83.6	ocr
01060035	96	7	invalid_votes	0.5	ocr
01060035	97	7	spd	37.4	ocr
01060035	97	7	fdp	1.1	ocr
01060035	97	7	dkp	0.5	ocr
01060035	97	7	gruene	2.7	ocr
01060036	96	8	without_certificate	96.1	ocr
01060036	96	8	with_certificate	3.9	ocr
01060036	96	8	number_voters	82.0	ocr
01060036	97	8	fdp	4.2	ocr
01060036	97	8	gruene	3.6	ocr
01060037	96	9	without_certificate	92.6	ocr
01060037	96	9	with_certificate	7.4	ocr
01060037	96	9	number_voters	81.6	ocr
01060037	97	9	spd	12.0	ocr
01060037	97	9	fdp	9.8	ocr
01060037	97	9	gruene	2.3	ocr
01060038	96	10	without_certificate	95.9	ocr
01060038	96	10	with_certificate	4.1	ocr
01060038	96	10	number_voters	82.6	visual
01060038	97	10	spd	27.8	ocr
01060038	97	10	fdp	1.5	ocr
01060038	97	10	dkp	0.3	ocr
01060038	97	10	dgl	0.3	ocr
01060038	97	10	gruene	2.0	ocr
01060039	96	11	without_certificate	91.9	ocr
01060039	96	11	with_certificate	8.1	ocr
01060039	96	11	number_voters	75.1	ocr
01060039	96	11	invalid_votes	0.2	ocr
01060039	97	11	spd	44.3	ocr
01060039	97	11	fdp	2.9	ocr
01060039	97	11	dkp	0.1	ocr
01060039	97	11	gruene	4.3	ocr
01060040	96	12	without_certificate	93.4	ocr
01060040	96	12	with_certificate	6.6	ocr
01060040	96	12	number_voters	84.3	ocr
01060040	96	12	invalid_votes	0.3	ocr
01060040	97	12	spd	31.5	ocr
01060040	97	12	fdp	4.5	ocr
01060040	97	12	gruene	3.1	ocr
01060041	96	13	without_certificate	95.9	ocr
01060041	96	13	with_certificate	4.1	ocr
01060041	96	13	number_voters	82.1	ocr
01060041	97	13	spd	31.1	ocr
01060041	97	13	fdp	2.5	ocr
01060041	97	13	gruene	5.6	ocr
01060042	96	14	without_certificate	95.7	ocr
01060042	96	14	with_certificate	4.3	ocr
01060042	96	14	number_voters	84.4	ocr
01060042	97	14	spd	35.7	ocr
01060042	97	14	fdp	1.3	ocr
01060042	97	14	gruene	5.1	ocr
01060043	96	15	without_certificate	92.4	ocr
01060043	96	15	with_certificate	7.6	ocr
01060043	96	15	number_voters	81.3	ocr
01060043	97	15	fdp	4.9	ocr
01060043	97	15	dgl	0.5	visual
01060043	97	15	gruene	4.3	ocr
01060044	96	16	without_certificate	92.7	ocr
01060044	96	16	with_certificate	7.3	ocr
01060044	96	16	number_voters	75.1	ocr
01060044	96	16	invalid_votes	0.3	ocr
01060044	97	16	spd	44.0	ocr
01060044	97	16	fdp	2.1	ocr
01060044	97	16	gruene	3.7	ocr
01060045	96	17	without_certificate	92.5	ocr
01060045	96	17	with_certificate	7.5	ocr
01060045	96	17	number_voters	82.6	ocr
01060045	97	17	spd	43.2	ocr
01060045	97	17	fdp	0.4	ocr
01060045	97	17	gruene	5.0	ocr
01060046	96	18	without_certificate	92.3	ocr
01060046	96	18	with_certificate	7.7	ocr
01060046	96	18	number_voters	79.8	ocr
01060046	97	18	spd	34.5	ocr
01060046	97	18	fdp	3.9	ocr
01060046	97	18	dgl	0.4	ocr
01060046	97	18	gruene	3.7	ocr
01060047	96	19	without_certificate	94.1	ocr
01060047	96	19	with_certificate	5.9	ocr
01060047	96	19	number_voters	80.9	ocr
01060047	96	19	invalid_votes	0.3	ocr
01060047	97	19	spd	33.2	ocr
01060047	97	19	fdp	3.5	ocr
01060047	97	19	gruene	3.0	ocr
01060049	96	20	without_certificate	91.4	ocr
01060049	96	20	with_certificate	8.6	ocr
01060049	96	20	number_voters	82.0	ocr
01060049	96	20	invalid_votes	0.6	ocr
01060049	97	20	spd	30.8	ocr
01060049	97	20	fdp	5.5	ocr
01060049	97	20	dgl	0.4	ocr
01060049	97	20	gruene	1.6	visual
01060050	96	21	without_certificate	95.2	ocr
01060050	96	21	with_certificate	4.8	ocr
01060050	96	21	number_voters	84.7	ocr
01060050	97	21	spd	29.5	ocr
01060050	97	21	fdp	0.5	ocr
01060051	96	22	without_certificate	94.3	ocr
01060051	96	22	with_certificate	5.7	ocr
01060051	96	22	number_voters	85.5	ocr
01060051	96	22	invalid_votes	0.4	ocr
01060051	97	22	spd	35.2	ocr
01060051	97	22	fdp	1.9	ocr
01060051	97	22	dkp	0.4	ocr
01060051	97	22	gruene	2.2	ocr
01060052	96	23	without_certificate	95.3	ocr
01060052	96	23	with_certificate	4.7	ocr
01060052	96	23	number_voters	85.4	ocr
01060052	96	23	invalid_votes	0.3	ocr
01060052	97	23	spd	32.9	ocr
01060052	97	23	fdp	2.3	ocr
01060052	97	23	dgl	0.3	ocr
01060052	97	23	gruene	2.0	ocr
01060053	96	24	without_certificate	92.7	ocr
01060053	96	24	with_certificate	7.3	ocr
01060053	96	24	number_voters	77.8	ocr
01060053	96	24	invalid_votes	0.9	ocr
01060053	97	24	spd	32.7	ocr
01060053	97	24	fdp	1.8	ocr
01060053	97	24	dkp	0.1	ocr
01060053	97	24	dgl	0.3	ocr
01060053	97	24	gruene	2.5	ocr
01060054	96	25	without_certificate	92.7	ocr
01060054	96	25	with_certificate	7.3	ocr
01060054	96	25	number_voters	74.3	ocr
01060054	96	25	invalid_votes	0.7	ocr
01060054	97	25	spd	35.1	ocr
01060054	97	25	fdp	7.2	ocr
01060054	97	25	dkp	0.3	ocr
01060054	97	25	gruene	3.0	ocr
01060056	98	1	without_certificate	89.8	ocr
01060056	98	1	with_certificate	10.2	ocr
01060056	98	1	number_voters	81.0	ocr
01060056	99	1	spd	30.3	ocr
01060056	99	1	fdp	0.8	ocr
01060056	99	1	dkp	1.7	ocr
01060056	99	1	gruene	1.7	ocr
01060057	98	2	without_certificate	94.4	ocr
01060057	98	2	with_certificate	5.6	ocr
01060057	98	2	number_voters	78.2	ocr
01060057	98	2	invalid_votes	0.5	ocr
01060057	99	2	spd	23.5	ocr
01060057	99	2	fdp	4.6	ocr
01060057	99	2	dgl	1.0	ocr
01060058	98	3	without_certificate	93.8	ocr
01060058	98	3	with_certificate	6.2	ocr
01060058	98	3	number_voters	81.3	ocr
01060058	98	3	invalid_votes	0.3	ocr
01060058	99	3	spd	43.6	ocr
01060058	99	3	fdp	2.1	ocr
01060058	99	3	dgl	0.6	ocr
01060058	99	3	gruene	2.6	ocr
01060059	98	4	without_certificate	95.5	ocr
01060059	98	4	with_certificate	4.5	ocr
01060059	98	4	number_voters	77.3	ocr
01060059	99	4	spd	33.1	ocr
01060059	99	4	fdp	1.7	ocr
01060059	99	4	dkp	0.2	ocr
01060059	99	4	dgl	0.2	ocr
01060059	99	4	gruene	4.3	ocr
01060060	98	5	without_certificate	95.4	ocr
01060060	98	5	with_certificate	4.6	ocr
01060060	98	5	number_voters	85.1	ocr
01060060	98	5	invalid_votes	0.6	ocr
01060060	99	5	spd	19.5	ocr
01060060	99	5	fdp	1.9	ocr
01060060	99	5	dgl	0.3	ocr
01060060	99	5	gruene	2.2	ocr
01060061	98	6	without_certificate	97.0	ocr
01060061	98	6	with_certificate	3.0	ocr
01060061	98	6	number_voters	86.0	ocr
01060061	98	6	invalid_votes	0.2	ocr
01060061	99	6	spd	28.4	ocr
01060061	99	6	fdp	2.2	ocr
01060061	99	6	dkp	0.2	ocr
01060061	99	6	dgl	0.7	ocr
01060061	99	6	gruene	3.7	ocr
01060062	98	7	without_certificate	93.2	ocr
01060062	98	7	with_certificate	6.8	ocr
01060062	98	7	number_voters	79.7	ocr
01060062	98	7	invalid_votes	0.3	visual
01060062	99	7	spd	34.7	ocr
01060062	99	7	fdp	4.2	ocr
01060062	99	7	dgl	0.6	ocr
01060062	99	7	gruene	3.3	ocr
01060063	98	8	without_certificate	91.1	ocr
01060063	98	8	with_certificate	8.9	ocr
01060063	98	8	number_voters	75.9	ocr
01060063	98	8	invalid_votes	0.3	ocr
01060063	99	8	fdp	2.2	ocr
01060063	99	8	dkp	0.2	ocr
01060063	99	8	gruene	4.7	ocr
01060064	98	9	without_certificate	94.8	ocr
01060064	98	9	with_certificate	5.2	ocr
01060064	98	9	number_voters	80.8	ocr
01060064	98	9	invalid_votes	0.3	ocr
01060064	99	9	spd	25.6	ocr
01060064	99	9	fdp	4.9	ocr
01060064	99	9	gruene	3.6	ocr
01060065	98	10	without_certificate	94.0	ocr
01060065	98	10	with_certificate	6.0	ocr
01060065	98	10	number_voters	82.8	ocr
01060065	98	10	invalid_votes	0.8	visual
01060065	99	10	spd	40.5	ocr
01060065	99	10	fdp	3.6	ocr
01060065	99	10	dgl	0.2	ocr
01060065	99	10	gruene	2.0	ocr
01060066	98	11	without_certificate	93.0	ocr
01060066	98	11	with_certificate	7.0	ocr
01060066	98	11	number_voters	81.8	ocr
01060066	99	11	spd	37.5	ocr
01060066	99	11	fdp	1.2	ocr
01060066	99	11	gruene	5.5	ocr
01060067	98	12	without_certificate	92.8	ocr
01060067	98	12	with_certificate	7.2	ocr
01060067	98	12	number_voters	81.0	ocr
01060067	98	12	invalid_votes	0.3	ocr
01060067	99	12	spd	36.5	ocr
01060067	99	12	fdp	2.8	ocr
01060067	99	12	dgl	0.1	visual
01060067	99	12	gruene	2.9	ocr
01060068	98	13	without_certificate	83.9	ocr
01060068	98	13	with_certificate	16.1	ocr
01060068	98	13	number_voters	77.1	ocr
01060068	98	13	invalid_votes	0.3	ocr
01060068	99	13	spd	34.9	ocr
01060068	99	13	fdp	3.2	ocr
01060068	99	13	dgl	0.6	ocr
01060068	99	13	gruene	3.4	visual
01060069	98	14	without_certificate	90.7	ocr
01060069	98	14	with_certificate	9.3	ocr
01060069	98	14	number_voters	82.9	ocr
01060069	99	14	spd	37.9	ocr
01060069	99	14	fdp	1.8	ocr
01060069	99	14	gruene	2.2	ocr
01060070	98	15	without_certificate	94.9	ocr
01060070	98	15	with_certificate	5.1	ocr
01060070	98	15	number_voters	85.1	ocr
01060070	99	15	spd	43.5	ocr
01060070	99	15	fdp	1.6	ocr
01060070	99	15	dgl	0.3	visual
01060070	99	15	gruene	0.3	ocr
01060071	98	16	without_certificate	95.5	ocr
01060071	98	16	with_certificate	4.5	ocr
01060071	98	16	number_voters	85.9	ocr
01060071	98	16	invalid_votes	0.5	ocr
01060071	99	16	spd	34.6	ocr
01060071	99	16	fdp	1.6	ocr
01060071	99	16	dgl	1.1	ocr
01060071	99	16	gruene	1.6	ocr
01060072	98	17	without_certificate	91.8	ocr
01060072	98	17	with_certificate	8.2	ocr
01060072	98	17	number_voters	83.3	ocr
01060072	99	17	spd	32.9	ocr
01060072	99	17	fdp	1.6	ocr
01060072	99	17	dgl	0.4	ocr
01060072	99	17	gruene	5.5	ocr
01060073	98	18	without_certificate	95.0	ocr
01060073	98	18	invalid_votes	0.1	ocr
01060073	99	18	spd	31.3	ocr
01060073	99	18	fdp	1.6	ocr
01060073	99	18	dkp	0.1	ocr
01060073	99	18	gruene	5.8	ocr
01060074	98	19	without_certificate	92.9	ocr
01060074	98	19	with_certificate	7.1	ocr
01060074	98	19	number_voters	83.6	ocr
01060074	99	19	fdp	2.6	ocr
01060074	99	19	gruene	2.6	ocr
01060075	98	20	without_certificate	90.0	ocr
01060075	98	20	with_certificate	10.0	ocr
01060075	98	20	number_voters	82.0	ocr
01060075	98	20	invalid_votes	0.4	ocr
01060075	99	20	spd	41.4	ocr
01060075	99	20	fdp	1.1	ocr
01060075	99	20	dgl	0.1	ocr
01060075	99	20	gruene	2.4	ocr
01060076	98	21	without_certificate	96.4	ocr
01060076	98	21	with_certificate	3.6	ocr
01060076	98	21	number_voters	78.4	ocr
01060076	98	21	invalid_votes	0.6	ocr
01060076	99	21	spd	38.4	ocr
01060076	99	21	fdp	2.2	ocr
01060076	99	21	dkp	0.2	ocr
01060076	99	21	gruene	2.6	ocr
01060077	98	22	without_certificate	92.1	ocr
01060077	98	22	with_certificate	7.9	ocr
01060077	98	22	number_voters	84.7	ocr
01060077	98	22	invalid_votes	0.2	ocr
01060077	99	22	spd	42.2	ocr
01060077	99	22	fdp	1.3	ocr
01060077	99	22	gruene	3.9	ocr
01060079	98	23	without_certificate	94.3	ocr
01060079	98	23	with_certificate	5.7	ocr
01060079	98	23	number_voters	80.7	visual
01060079	99	23	spd	39.8	ocr
01060079	99	23	fdp	0.9	ocr
01060079	99	23	gruene	2.7	ocr
01060080	98	24	without_certificate	92.1	ocr
01060080	98	24	with_certificate	7.9	ocr
01060080	98	24	number_voters	86.1	ocr
01060080	99	24	cdu	45.4	ocr
01060080	99	24	dgl	0.4	ocr
01060080	99	24	gruene	3.8	ocr
01060081	98	25	without_certificate	97.5	ocr
01060081	98	25	with_certificate	2.5	ocr
01060081	98	25	number_voters	91.1	ocr
01060081	98	25	invalid_votes	0.5	ocr
01060081	99	25	spd	42.1	ocr
01060081	99	25	fdp	1.1	ocr
01060081	99	25	dgl	0.5	ocr
01060081	99	25	gruene	4.4	ocr
01060082	101	1	spd	37.1	ocr
01060082	101	1	fdp	1.5	ocr
01060082	101	1	gruene	3.5	ocr
01060084	100	2	without_certificate	94.3	ocr
01060084	100	2	with_certificate	5.7	ocr
01060084	100	2	number_voters	82.1	ocr
01060084	100	2	invalid_votes	0.2	ocr
01060084	101	2	spd	31.9	ocr
01060084	101	2	fdp	4.6	ocr
01060084	101	2	gruene	2.0	ocr
01060085	100	3	without_certificate	94.6	ocr
01060085	100	3	with_certificate	5.4	ocr
01060085	100	3	invalid_votes	0.2	ocr
01060085	101	3	spd	39.2	ocr
01060085	101	3	fdp	3.3	ocr
01060085	101	3	dkp	0.1	ocr
01060085	101	3	dgl	0.9	ocr
01060085	101	3	gruene	3.6	ocr
01060086	100	4	without_certificate	94.6	ocr
01060086	100	4	with_certificate	5.4	ocr
01060086	100	4	number_voters	84.5	ocr
01060086	101	4	spd	15.6	visual
01060086	101	4	gruene	3.7	ocr
01060087	100	5	without_certificate	95.2	ocr
01060087	100	5	with_certificate	4.8	ocr
01060087	100	5	invalid_votes	0.6	ocr
01060087	101	5	spd	34.3	ocr
01060087	101	5	fdp	1.3	ocr
01060087	101	5	dkp	0.3	ocr
01060087	101	5	dgl	0.6	ocr
01060087	101	5	gruene	1.9	ocr
01060088	100	6	without_certificate	94.6	ocr
01060088	100	6	with_certificate	5.4	ocr
01060088	100	6	number_voters	78.4	ocr
01060088	100	6	invalid_votes	0.4	ocr
01060088	101	6	spd	35.3	ocr
01060088	101	6	fdp	0.9	ocr
01060088	101	6	dkp	0.4	ocr
01060088	101	6	gruene	2.8	ocr
01060089	100	7	without_certificate	94.4	ocr
01060089	100	7	with_certificate	5.6	ocr
01060089	100	7	number_voters	71.2	visual
01060089	100	7	invalid_votes	0.3	ocr
01060089	101	7	cdu	43.8	ocr
01060089	101	7	fdp	1.4	ocr
01060089	101	7	dgl	0.3	ocr
01060089	101	7	gruene	2.4	ocr
01060090	100	8	without_certificate	91.8	ocr
01060090	100	8	with_certificate	8.2	ocr
01060090	100	8	number_voters	79.1	ocr
01060090	100	8	invalid_votes	0.8	ocr
01060090	101	8	cdu	47.6	ocr
01060090	101	8	gruene	0.8	ocr
01060092	100	9	without_certificate	94.0	ocr
01060092	100	9	with_certificate	6.0	ocr
01060092	100	9	number_voters	73.6	ocr
01060092	100	9	invalid_votes	0.4	ocr
01060092	101	9	spd	43.1	ocr
01060092	101	9	fdp	2.9	ocr
01060092	101	9	dgl	0.4	ocr
01060092	101	9	gruene	2.1	ocr
01060093	100	10	without_certificate	96.4	ocr
01060093	100	10	with_certificate	3.6	ocr
01060093	100	10	number_voters	85.1	ocr
01060093	100	10	invalid_votes	0.4	ocr
01060093	101	10	spd	33.0	ocr
01060093	101	10	fdp	2.6	ocr
01060093	101	10	dgl	1.3	ocr
01060093	101	10	gruene	1.7	ocr
01060094	100	11	without_certificate	95.7	ocr
01060094	100	11	with_certificate	4.3	ocr
01060094	100	11	number_voters	85.3	ocr
01060094	100	11	invalid_votes	0.2	ocr
01060094	101	11	spd	29.7	ocr
01060094	101	11	fdp	2.8	ocr
01060094	101	11	gruene	2.3	ocr
01060095	100	12	without_certificate	95.3	ocr
01060095	100	12	with_certificate	4.7	ocr
01060095	100	12	number_voters	81.5	ocr
01060095	100	12	invalid_votes	0.4	ocr
01060095	101	12	spd	28.3	ocr
01060095	101	12	fdp	2.2	ocr
01060095	101	12	gruene	4.4	ocr
01060096	100	13	without_certificate	94.1	ocr
01060096	100	13	with_certificate	5.9	ocr
01060096	100	13	number_voters	78.9	ocr
01060096	101	13	spd	35.1	ocr
01060096	101	13	fdp	2.4	ocr
01060096	101	13	gruene	3.0	ocr
01060097	100	14	without_certificate	97.0	ocr
01060097	100	14	with_certificate	3.0	ocr
01060097	100	14	number_voters	86.4	ocr
01060097	100	14	invalid_votes	0.9	ocr
01060097	101	14	spd	47.6	ocr
01060097	101	14	fdp	1.4	ocr
01060097	101	14	gruene	1.2	ocr
01060098	100	15	without_certificate	96.5	ocr
01060098	100	15	with_certificate	3.5	ocr
01060098	100	15	number_voters	83.0	ocr
01060098	101	15	spd	42.1	ocr
01060098	101	15	fdp	0.8	ocr
01060098	101	15	dgl	0.8	ocr
01060098	101	15	gruene	1.2	ocr
01060099	100	16	without_certificate	96.0	ocr
01060099	100	16	number_voters	79.3	ocr
01060099	100	16	invalid_votes	0.5	ocr
01060099	101	16	spd	24.4	ocr
01060099	101	16	fdp	1.4	ocr
01060099	101	16	gruene	3.3	ocr
01060100	100	17	without_certificate	95.9	ocr
01060100	100	17	with_certificate	4.1	ocr
01060100	100	17	number_voters	84.1	ocr
01060100	101	17	spd	43.2	ocr
01060100	101	17	fdp	2.2	ocr
01060100	101	17	gruene	4.0	ocr
01060101	100	18	without_certificate	93.7	ocr
01060101	100	18	with_certificate	6.3	ocr
01060101	100	18	number_voters	81.0	ocr
01060101	100	18	invalid_votes	0.5	ocr
01060101	101	18	spd	46.3	ocr
01060101	101	18	fdp	1.7	ocr
01060101	101	18	dgl	0.2	ocr
01060101	101	18	gruene	2.1	ocr
01060102	100	19	without_certificate	95.8	ocr
01060102	100	19	with_certificate	4.2	ocr
01060102	100	19	number_voters	77.9	ocr
01060102	101	19	spd	40.8	ocr
01060102	101	19	fdp	2.4	ocr
01060102	101	19	dkp	0.2	ocr
01060102	101	19	dgl	0.2	visual
01061001	102	1	without_certificate	92.2	ocr
01061001	102	1	with_certificate	7.8	ocr
01061001	102	1	number_voters	76.7	ocr
01061001	103	1	spd	26.1	ocr
01061001	103	1	fdp	1.4	ocr
01061001	103	1	gruene	10.1	ocr
01061002	102	2	without_certificate	96.4	ocr
01061002	102	2	with_certificate	3.6	ocr
01061002	102	2	number_voters	92.7	ocr
01061002	103	2	spd	15.7	ocr
01061002	103	2	fdp	5.9	ocr
01061002	103	2	gruene	3.9	ocr
01061003	102	3	without_certificate	98.3	ocr
01061003	102	3	with_certificate	1.7	ocr
01061003	102	3	number_voters	87.6	ocr
01061003	102	3	invalid_votes	0.9	ocr
01061003	103	3	spd	17.1	ocr
01061003	103	3	fdp	1.9	ocr
01061003	103	3	gruene	1.0	ocr
01061004	102	4	without_certificate	93.5	ocr
01061004	102	4	with_certificate	6.5	ocr
01061004	102	4	number_voters	85.2	ocr
01061004	103	4	spd	37.5	ocr
01061004	103	4	gruene	2.8	visual
01061005	102	5	without_certificate	95.6	ocr
01061005	102	5	with_certificate	4.4	ocr
01061005	102	5	number_voters	82.4	ocr
01061005	102	5	invalid_votes	1.3	ocr
01061005	103	5	gruene	2.7	ocr
01061006	102	6	without_certificate	94.0	ocr
01061006	102	6	with_certificate	6.0	ocr
01061006	102	6	number_voters	80.5	ocr
01061006	102	6	invalid_votes	0.3	ocr
01061006	103	6	spd	32.4	ocr
01061006	103	6	fdp	3.9	ocr
01061006	103	6	dkp	0.3	ocr
01061006	103	6	dgl	0.6	ocr
01061006	103	6	gruene	3.6	ocr
01061007	102	7	without_certificate	91.9	ocr
01061007	102	7	with_certificate	8.1	ocr
01061007	102	7	number_voters	81.0	visual
01061007	102	7	invalid_votes	0.8	ocr
01061007	103	7	spd	43.2	ocr
01061007	103	7	fdp	0.9	ocr
01061007	103	7	dgl	0.4	ocr
01061007	103	7	gruene	3.2	ocr
01061008	102	8	without_certificate	97.7	ocr
01061008	102	8	with_certificate	2.3	ocr
01061008	102	8	number_voters	75.6	ocr
01061008	103	8	spd	30.8	ocr
01061008	103	8	fdp	1.5	ocr
01061008	103	8	ssw	1.5	ocr
01061008	103	8	gruene	6.2	ocr
01061010	102	9	without_certificate	95.7	ocr
01061010	102	9	with_certificate	4.3	ocr
01061010	102	9	number_voters	85.2	ocr
01061010	103	9	spd	39.9	ocr
01061010	103	9	fdp	2.2	ocr
01061010	103	9	gruene	5.1	ocr
01061011	102	10	without_certificate	94.7	ocr
01061011	102	10	with_certificate	5.3	ocr
01061011	102	10	number_voters	87.4	ocr
01061011	102	10	invalid_votes	0.6	ocr
01061011	103	10	spd	17.8	ocr
01061011	103	10	fdp	0.6	ocr
01061011	103	10	ssw	1.1	ocr
01061011	103	10	gruene	1.7	ocr
01061012	102	11	without_certificate	94.0	ocr
01061012	102	11	with_certificate	6.0	ocr
01061012	102	11	number_voters	85.3	ocr
01061012	102	11	invalid_votes	0.3	visual
01061012	103	11	spd	33.6	ocr
01061012	103	11	fdp	2.0	ocr
01061012	103	11	dgl	0.5	ocr
01061012	103	11	gruene	4.8	ocr
01061013	102	12	without_certificate	93.3	ocr
01061013	102	12	with_certificate	6.7	ocr
01061013	103	12	spd	30.6	ocr
01061013	103	12	gruene	8.3	ocr
01061014	102	13	without_certificate	91.5	ocr
01061014	102	13	with_certificate	8.5	ocr
01061014	102	13	number_voters	72.9	ocr
01061014	103	13	spd	21.3	ocr
01061014	103	13	fdp	1.1	ocr
01061014	103	13	gruene	1.1	ocr
01061015	102	14	without_certificate	94.7	ocr
01061015	102	14	with_certificate	5.3	ocr
01061015	102	14	number_voters	87.7	ocr
01061015	102	14	invalid_votes	0.7	ocr
01061015	103	14	spd	40.4	ocr
01061015	103	14	fdp	1.3	ocr
01061015	103	14	dkp	0.2	ocr
01061015	103	14	dgl	0.2	ocr
01061015	103	14	gruene	4.9	ocr
01061016	102	15	without_certificate	85.2	ocr
01061016	102	15	with_certificate	14.8	ocr
01061016	102	15	number_voters	68.0	ocr
01061016	103	15	spd	39.1	ocr
01061016	103	15	fdp	2.9	ocr
01061016	103	15	dgl	0.7	ocr
01061016	103	15	gruene	2.9	ocr
01061017	102	16	without_certificate	90.8	ocr
01061017	102	16	with_certificate	9.2	ocr
01061017	102	16	number_voters	79.5	ocr
01061017	102	16	invalid_votes	0.4	ocr
01061017	103	16	cdu	46.5	ocr
01061017	103	16	fdp	1.8	ocr
01061017	103	16	dkp	0.1	ocr
01061017	103	16	dgl	0.6	ocr
01061017	103	16	gruene	2.4	ocr
01061018	102	17	without_certificate	94.3	ocr
01061018	102	17	with_certificate	5.7	ocr
01061018	102	17	number_voters	82.9	ocr
01061018	103	17	spd	31.6	ocr
01061018	103	17	fdp	0.6	ocr
01061018	103	17	dgl	0.4	ocr
01061018	103	17	gruene	6.5	ocr
01061019	102	18	without_certificate	91.5	ocr
01061019	102	18	with_certificate	8.5	ocr
01061019	102	18	number_voters	79.9	ocr
01061019	102	18	invalid_votes	0.1	ocr
01061019	103	18	spd	42.4	ocr
01061019	103	18	fdp	0.5	ocr
01061019	103	18	dkp	0.2	ocr
01061019	103	18	dgl	0.1	ocr
01061019	103	18	gruene	1.6	ocr
01061020	102	19	number_voters	84.3	ocr
01061020	103	19	spd	36.3	ocr
01061020	103	19	fdp	1.1	ocr
01061020	103	19	gruene	5.5	ocr
01061021	102	20	without_certificate	97.9	ocr
01061021	102	20	with_certificate	2.1	ocr
01061021	102	20	number_voters	89.6	ocr
01061021	103	20	spd	11.6	ocr
01061021	103	20	gruene	4.7	ocr
01061022	102	21	without_certificate	94.8	ocr
01061022	102	21	with_certificate	5.2	ocr
01061022	102	21	number_voters	85.6	ocr
01061022	102	21	invalid_votes	0.4	ocr
01061022	103	21	spd	40.0	ocr
01061022	103	21	fdp	1.6	ocr
01061022	103	21	gruene	1.8	ocr
01061023	102	22	without_certificate	93.4	ocr
01061023	102	22	with_certificate	6.6	ocr
01061023	102	22	number_voters	77.8	ocr
01061023	103	22	spd	22.1	ocr
01061023	103	22	fdp	2.4	ocr
01061023	103	22	gruene	6.4	ocr
01061024	102	23	without_certificate	90.8	visual
01061024	102	23	with_certificate	9.2	ocr
01061024	102	23	number_voters	82.1	ocr
01061024	102	23	invalid_votes	0.6	ocr
01061024	103	23	gruene	2.4	ocr
01061025	102	24	without_certificate	94.2	ocr
01061025	102	24	with_certificate	5.8	ocr
01061025	102	24	number_voters	80.3	ocr
01061025	103	24	spd	18.3	ocr
01061025	103	24	fdp	2.1	ocr
01061025	103	24	gruene	7.7	ocr
01061026	102	25	without_certificate	97.0	ocr
01061026	102	25	with_certificate	3.0	ocr
01061026	102	25	number_voters	88.8	ocr
01061026	103	25	spd	37.0	ocr
01061026	103	25	fdp	0.8	ocr
01061026	103	25	gruene	10.1	ocr
01061027	104	1	without_certificate	92.1	ocr
01061027	104	1	with_certificate	7.9	ocr
01061027	104	1	number_voters	77.7	ocr
01061027	104	1	invalid_votes	0.7	ocr
01061027	105	1	spd	41.4	ocr
01061027	105	1	fdp	0.5	ocr
01061027	105	1	dgl	0.2	ocr
01061027	105	1	gruene	6.1	ocr
01061028	104	2	without_certificate	89.4	ocr
01061028	104	2	with_certificate	10.6	ocr
01061028	104	2	number_voters	77.2	ocr
01061028	105	2	spd	29.1	ocr
01061028	105	2	fdp	0.5	ocr
01061028	105	2	gruene	2.0	ocr
01061029	104	3	without_certificate	90.9	ocr
01061029	104	3	with_certificate	9.1	ocr
01061029	104	3	number_voters	76.4	ocr
01061029	104	3	invalid_votes	0.3	ocr
01061029	105	3	cdu	41.0	ocr
01061029	105	3	fdp	2.2	ocr
01061029	105	3	dkp	0.1	ocr
01061029	105	3	dgl	0.4	ocr
01061029	105	3	gruene	3.8	ocr
01061030	104	4	without_certificate	95.1	ocr
01061030	104	4	with_certificate	4.9	ocr
01061030	104	4	number_voters	84.9	ocr
01061030	105	4	spd	41.5	ocr
01061030	105	4	fdp	2.9	ocr
01061030	105	4	gruene	3.9	ocr
01061031	104	5	without_certificate	93.0	ocr
01061031	104	5	with_certificate	7.0	ocr
01061031	104	5	invalid_votes	1.7	ocr
01061031	105	5	spd	24.9	ocr
01061031	105	5	fdp	0.4	ocr
01061031	105	5	dkp	0.4	ocr
01061031	105	5	gruene	4.6	ocr
01061033	104	6	without_certificate	94.2	ocr
01061033	104	6	with_certificate	5.8	ocr
01061033	104	6	number_voters	89.9	ocr
01061033	105	6	spd	17.7	ocr
01061034	104	7	without_certificate	86.1	ocr
01061034	104	7	with_certificate	13.9	ocr
01061034	104	7	number_voters	73.6	ocr
01061034	104	7	invalid_votes	0.3	ocr
01061034	105	7	spd	40.5	ocr
01061034	105	7	fdp	2.5	ocr
01061034	105	7	ssw	0.3	ocr
01061034	105	7	gruene	4.2	ocr
01061035	104	8	without_certificate	94.0	ocr
01061035	104	8	with_certificate	6.0	ocr
01061035	104	8	number_voters	83.7	ocr
01061035	105	8	cdu	42.1	ocr
01061035	105	8	fdp	0.5	ocr
01061035	105	8	gruene	3.1	ocr
01061036	104	9	without_certificate	93.3	ocr
01061036	104	9	with_certificate	6.7	ocr
01061036	104	9	number_voters	80.5	ocr
01061036	104	9	invalid_votes	0.3	ocr
01061036	105	9	spd	40.9	ocr
01061036	105	9	fdp	1.1	ocr
01061036	105	9	dgl	0.3	ocr
01061036	105	9	gruene	0.9	ocr
01061037	104	10	without_certificate	92.9	ocr
01061037	104	10	with_certificate	7.1	ocr
01061037	104	10	number_voters	84.0	ocr
01061037	104	10	invalid_votes	0.1	ocr
01061037	105	10	cdu	42.0	ocr
01061037	105	10	fdp	1.8	ocr
01061037	105	10	dgl	0.1	ocr
01061037	105	10	gruene	2.7	ocr
01061038	104	11	number_voters	81.4	ocr
01061038	105	11	fdp	2.1	ocr
01061039	104	12	without_certificate	92.6	ocr
01061039	104	12	with_certificate	7.4	ocr
01061039	104	12	number_voters	82.4	ocr
01061039	104	12	invalid_votes	0.7	ocr
01061039	105	12	spd	28.5	ocr
01061039	105	12	gruene	9.7	ocr
01061040	104	13	without_certificate	93.9	ocr
01061040	104	13	with_certificate	6.1	ocr
01061040	104	13	number_voters	82.1	ocr
01061040	104	13	invalid_votes	0.4	ocr
01061040	105	13	spd	40.1	ocr
01061040	105	13	fdp	2.3	ocr
01061040	105	13	ssw	0.2	ocr
01061040	105	13	dkp	0.1	ocr
01061040	105	13	gruene	2.1	ocr
01061041	104	14	without_certificate	90.7	ocr
01061041	104	14	with_certificate	9.3	ocr
01061041	104	14	number_voters	77.4	ocr
01061041	104	14	invalid_votes	0.4	ocr
01061041	105	14	spd	31.7	ocr
01061041	105	14	fdp	2.2	ocr
01061041	105	14	dgl	0.9	ocr
01061041	105	14	gruene	2.0	ocr
01061042	104	15	without_certificate	93.8	ocr
01061042	104	15	with_certificate	6.2	ocr
01061042	104	15	number_voters	76.3	ocr
01061042	104	15	invalid_votes	0.4	ocr
01061042	105	15	spd	40.8	ocr
01061042	105	15	fdp	1.8	ocr
01061042	105	15	ssw	0.1	ocr
01061042	105	15	gruene	2.7	ocr
01061043	104	16	without_certificate	94.5	ocr
01061043	104	16	with_certificate	5.5	ocr
01061043	104	16	number_voters	77.0	ocr
01061043	104	16	invalid_votes	0.8	ocr
01061043	105	16	spd	24.9	ocr
01061043	105	16	fdp	1.2	ocr
01061043	105	16	dkp	0.4	ocr
01061043	105	16	gruene	2.4	ocr
01061044	104	17	without_certificate	91.2	ocr
01061044	104	17	with_certificate	8.8	ocr
01061044	104	17	number_voters	78.2	ocr
01061044	104	17	invalid_votes	0.6	ocr
01061044	105	17	cdu	45.7	ocr
01061044	105	17	fdp	2.4	ocr
01061044	105	17	dkp	0.2	ocr
01061044	105	17	dgl	1.2	ocr
01061044	105	17	gruene	2.7	ocr
01061045	104	18	without_certificate	94.0	ocr
01061045	104	18	with_certificate	6.0	ocr
01061045	104	18	number_voters	76.0	ocr
01061045	104	18	invalid_votes	0.7	ocr
01061045	105	18	spd	27.5	ocr
01061045	105	18	fdp	2.9	ocr
01061045	105	18	ssw	0.7	ocr
01061045	105	18	gruene	2.9	ocr
01061046	104	19	without_certificate	91.1	ocr
01061046	104	19	with_certificate	8.9	ocr
01061046	104	19	number_voters	73.4	ocr
01061046	104	19	invalid_votes	0.2	ocr
01061046	105	19	cdu	46.5	ocr
01061046	105	19	fdp	2.0	ocr
01061046	105	19	dkp	0.2	visual
01061046	105	19	dgl	0.3	ocr
01061046	105	19	gruene	3.5	ocr
01061047	104	20	without_certificate	94.2	ocr
01061047	104	20	with_certificate	5.8	ocr
01061047	104	20	number_voters	82.5	ocr
01061047	105	20	spd	19.1	ocr
01061047	105	20	fdp	0.4	ocr
01061047	105	20	gruene	6.6	ocr
01061048	104	21	without_certificate	76.8	ocr
01061048	104	21	with_certificate	23.2	ocr
01061048	104	21	number_voters	57.1	ocr
01061048	105	21	spd	6.3	ocr
01061049	104	22	without_certificate	92.6	ocr
01061049	104	22	with_certificate	7.4	ocr
01061049	104	22	number_voters	76.1	ocr
01061049	104	22	invalid_votes	0.5	ocr
01061049	105	22	spd	46.4	ocr
01061049	105	22	fdp	2.2	ocr
01061049	105	22	dgl	0.2	ocr
01061049	105	22	gruene	2.4	ocr
01061050	104	23	without_certificate	94.5	ocr
01061050	104	23	with_certificate	5.5	ocr
01061050	104	23	number_voters	79.2	ocr
01061050	104	23	invalid_votes	0.2	ocr
01061050	105	23	cdu	41.2	ocr
01061050	105	23	fdp	1.7	ocr
01061050	105	23	dkp	0.3	ocr
01061050	105	23	dgl	0.3	ocr
01061050	105	23	gruene	4.1	ocr
01061052	104	24	without_certificate	95.6	ocr
01061052	104	24	with_certificate	4.4	ocr
01061052	104	24	number_voters	81.7	ocr
01061052	104	24	invalid_votes	0.3	ocr
01061052	105	24	spd	47.2	ocr
01061052	105	24	fdp	0.6	ocr
01061052	105	24	gruene	0.9	visual
01061053	104	25	number_voters	89.2	ocr
01061053	105	25	gruene	3.0	ocr
01061054	106	1	without_certificate	96.4	ocr
01061054	106	1	with_certificate	3.6	ocr
01061054	106	1	number_voters	76.5	ocr
01061054	107	1	fdp	1.8	visual
01061054	107	1	gruene	1.8	ocr
01061055	106	2	without_certificate	91.2	ocr
01061055	106	2	with_certificate	8.8	ocr
01061055	106	2	number_voters	74.4	ocr
01061055	106	2	invalid_votes	0.4	ocr
01061055	107	2	spd	43.1	ocr
01061055	107	2	fdp	2.1	ocr
01061055	107	2	dgl	0.4	ocr
01061055	107	2	gruene	3.5	ocr
01061056	106	3	without_certificate	94.4	ocr
01061056	106	3	with_certificate	5.6	ocr
01061056	106	3	number_voters	76.9	ocr
01061056	106	3	invalid_votes	0.2	ocr
01061056	107	3	spd	44.5	ocr
01061056	107	3	fdp	1.3	ocr
01061056	107	3	dkp	0.1	ocr
01061056	107	3	dgl	0.4	ocr
01061056	107	3	gruene	2.5	ocr
01061057	106	4	without_certificate	95.8	ocr
01061057	106	4	with_certificate	4.2	ocr
01061057	106	4	number_voters	78.5	ocr
01061057	107	4	spd	42.2	ocr
01061057	107	4	fdp	2.0	ocr
01061057	107	4	gruene	4.5	ocr
01061058	106	5	without_certificate	98.6	ocr
01061058	106	5	with_certificate	1.4	ocr
01061058	106	5	number_voters	89.6	ocr
01061058	107	5	spd	23.3	ocr
01061058	107	5	dkp	1.6	ocr
01061058	107	5	gruene	1.6	ocr
01061059	106	6	without_certificate	91.5	ocr
01061059	106	6	with_certificate	8.5	ocr
01061059	106	6	number_voters	89.4	ocr
01061059	106	6	invalid_votes	2.4	ocr
01061059	107	6	spd	9.8	ocr
01061059	107	6	fdp	7.3	ocr
01061059	107	6	gruene	14.6	ocr
01061060	106	7	without_certificate	94.0	ocr
01061060	106	7	with_certificate	6.0	ocr
01061060	106	7	number_voters	83.2	ocr
01061060	107	7	spd	37.4	ocr
01061060	107	7	fdp	0.8	ocr
01061060	107	7	gruene	4.1	ocr
01061061	106	8	without_certificate	92.0	ocr
01061061	106	8	with_certificate	8.0	ocr
01061061	106	8	number_voters	79.8	ocr
01061061	106	8	invalid_votes	0.4	ocr
01061061	107	8	cdu	35.3	ocr
01061061	107	8	fdp	0.8	ocr
01061061	107	8	dkp	0.2	ocr
01061061	107	8	dgl	0.2	ocr
01061061	107	8	gruene	2.1	ocr
01061062	106	9	without_certificate	87.2	ocr
01061062	106	9	with_certificate	12.8	ocr
01061062	106	9	number_voters	84.8	ocr
01061062	107	9	spd	34.0	ocr
01061062	107	9	fdp	0.9	ocr
01061063	106	10	without_certificate	95.1	ocr
01061063	106	10	with_certificate	4.9	ocr
01061063	106	10	number_voters	81.8	visual
01061063	107	10	spd	30.2	ocr
01061063	107	10	fdp	1.0	ocr
01061063	107	10	gruene	2.0	ocr
01061064	106	11	without_certificate	91.6	ocr
01061064	106	11	with_certificate	8.4	ocr
01061064	106	11	number_voters	78.3	ocr
01061064	106	11	invalid_votes	3.6	ocr
01061064	107	11	spd	26.9	ocr
01061064	107	11	gruene	1.9	ocr
01061065	106	12	without_certificate	93.3	ocr
01061065	106	12	with_certificate	6.7	ocr
01061065	106	12	number_voters	83.3	ocr
01061065	106	12	invalid_votes	1.2	ocr
01061065	107	12	spd	42.1	ocr
01061065	107	12	fdp	0.9	ocr
01061065	107	12	ssw	0.6	ocr
01061065	107	12	dkp	0.3	ocr
01061065	107	12	gruene	1.2	ocr
01061066	106	13	without_certificate	97.5	ocr
01061066	106	13	with_certificate	2.5	ocr
01061066	106	13	number_voters	86.6	ocr
01061066	106	13	invalid_votes	0.4	ocr
01061066	107	13	spd	13.8	ocr
01061066	107	13	fdp	0.4	ocr
01061066	107	13	gruene	2.5	ocr
01061067	106	14	without_certificate	96.6	ocr
01061067	106	14	with_certificate	3.4	ocr
01061067	106	14	number_voters	87.7	ocr
01061067	106	14	invalid_votes	1.4	ocr
01061067	107	14	spd	47.7	ocr
01061067	107	14	fdp	0.4	ocr
01061067	107	14	gruene	2.1	ocr
01061068	106	15	without_certificate	97.3	ocr
01061068	106	15	with_certificate	2.7	ocr
01061068	106	15	number_voters	88.3	ocr
01061068	107	15	fdp	2.0	ocr
01061068	107	15	gruene	1.0	ocr
01061069	106	16	number_voters	96.6	ocr
01061069	107	16	spd	17.9	ocr
01061069	107	16	fdp	3.6	ocr
01061070	106	17	without_certificate	97.5	ocr
01061070	106	17	with_certificate	2.5	ocr
01061070	106	17	number_voters	82.5	ocr
01061070	107	17	spd	15.2	ocr
01061070	107	17	fdp	7.6	ocr
01061070	107	17	gruene	1.5	ocr
01061071	106	18	without_certificate	95.7	ocr
01061071	106	18	with_certificate	4.3	ocr
01061071	106	18	number_voters	86.1	ocr
01061071	106	18	invalid_votes	1.0	ocr
01061071	107	18	spd	27.9	ocr
01061071	107	18	fdp	3.0	ocr
01061071	107	18	dgl	0.5	ocr
01061071	107	18	gruene	6.1	ocr
01061072	106	19	without_certificate	92.5	ocr
01061072	106	19	with_certificate	7.5	ocr
01061072	106	19	number_voters	82.2	ocr
01061072	106	19	invalid_votes	0.3	visual
01061072	107	19	cdu	40.7	ocr
01061072	107	19	fdp	2.3	ocr
01061072	107	19	dkp	0.3	ocr
01061072	107	19	dgl	0.3	ocr
01061072	107	19	gruene	2.1	ocr
01061073	106	20	without_certificate	95.0	ocr
01061073	106	20	with_certificate	5.0	ocr
01061073	106	20	invalid_votes	0.5	ocr
01061073	107	20	spd	23.6	ocr
01061073	107	20	fdp	1.0	ocr
01061073	107	20	dgl	0.2	ocr
01061073	107	20	gruene	3.7	ocr
01061074	106	21	without_certificate	95.5	ocr
01061074	106	21	with_certificate	4.5	ocr
01061074	106	21	number_voters	83.5	ocr
01061074	106	21	invalid_votes	0.3	ocr
01061074	107	21	spd	46.4	ocr
01061074	107	21	fdp	1.5	ocr
01061074	107	21	dkp	0.2	ocr
01061074	107	21	dgl	0.7	ocr
01061074	107	21	gruene	4.1	ocr
01061075	106	22	without_certificate	92.4	ocr
01061075	106	22	with_certificate	7.6	ocr
01061075	106	22	number_voters	83.8	ocr
01061075	106	22	invalid_votes	0.4	ocr
01061075	107	22	spd	23.2	ocr
01061075	107	22	gruene	9.5	ocr
01061076	106	23	without_certificate	93.1	ocr
01061076	106	23	with_certificate	6.9	ocr
01061076	106	23	number_voters	86.2	ocr
01061076	107	23	spd	28.0	ocr
01061076	107	23	gruene	4.0	ocr
01061077	106	24	without_certificate	91.8	ocr
01061077	106	24	with_certificate	8.2	ocr
01061077	106	24	number_voters	78.5	ocr
01061077	106	24	invalid_votes	0.2	ocr
01061077	107	24	spd	39.4	ocr
01061077	107	24	fdp	2.1	ocr
01061077	107	24	gruene	4.3	ocr
01061078	106	25	without_certificate	96.2	ocr
01061078	106	25	with_certificate	3.8	ocr
01061078	106	25	number_voters	77.0	ocr
01061078	106	25	invalid_votes	1.2	ocr
01061078	107	25	spd	40.1	ocr
01061078	107	25	fdp	1.9	ocr
01061078	107	25	gruene	4.9	ocr
01061079	108	1	without_certificate	85.7	ocr
01061079	108	1	with_certificate	14.3	ocr
01061079	108	1	number_voters	71.4	ocr
01061079	108	1	invalid_votes	0.1	ocr
01061079	109	1	spd	42.7	ocr
01061079	109	1	fdp	3.5	ocr
01061079	109	1	dkp	0.1	ocr
01061079	109	1	dgl	0.8	ocr
01061079	109	1	gruene	2.3	ocr
01061080	108	2	without_certificate	85.5	ocr
01061080	108	2	with_certificate	14.5	ocr
01061080	108	2	number_voters	71.8	ocr
01061080	108	2	invalid_votes	1.2	ocr
01061080	109	2	spd	31.3	ocr
01061080	109	2	fdp	3.6	ocr
01061080	109	2	gruene	3.6	ocr
01061081	108	3	without_certificate	96.7	ocr
01061081	108	3	with_certificate	3.3	ocr
01061081	108	3	number_voters	86.7	ocr
01061081	109	3	spd	2.6	ocr
01061081	109	3	gruene	3.8	ocr
01061082	108	4	without_certificate	92.0	ocr
01061082	108	4	with_certificate	8.0	ocr
01061082	108	4	number_voters	81.3	ocr
01061082	108	4	invalid_votes	0.2	ocr
01061082	109	4	spd	36.2	ocr
01061082	109	4	fdp	3.4	ocr
01061082	109	4	ssw	0.2	ocr
01061082	109	4	gruene	5.5	ocr
01061083	108	5	without_certificate	95.0	ocr
01061083	108	5	with_certificate	5.0	ocr
01061083	108	5	number_voters	82.4	ocr
01061083	108	5	invalid_votes	0.6	ocr
01061083	109	5	spd	35.7	ocr
01061083	109	5	fdp	1.1	ocr
01061083	109	5	gruene	3.6	ocr
01061084	108	6	without_certificate	96.3	ocr
01061084	108	6	with_certificate	3.7	ocr
01061084	108	6	number_voters	86.0	ocr
01061084	109	6	spd	18.5	ocr
01061084	109	6	fdp	2.2	ocr
01061084	109	6	gruene	2.7	ocr
01061085	108	7	without_certificate	96.7	ocr
01061085	108	7	with_certificate	3.3	ocr
01061085	108	7	number_voters	86.1	ocr
01061085	108	7	invalid_votes	0.8	ocr
01061085	109	7	spd	26.4	ocr
01061085	109	7	fdp	0.8	ocr
01061085	109	7	ssw	0.8	ocr
01061085	109	7	gruene	3.1	ocr
01061086	108	8	without_certificate	95.6	ocr
01061086	108	8	with_certificate	4.4	ocr
01061086	108	8	number_voters	84.1	ocr
01061086	108	8	invalid_votes	0.5	ocr
01061086	109	8	spd	22.4	ocr
01061086	109	8	fdp	1.4	ocr
01061086	109	8	dgl	0.5	ocr
01061086	109	8	gruene	2.9	ocr
01061087	108	9	without_certificate	92.9	ocr
01061087	108	9	with_certificate	7.1	ocr
01061087	108	9	number_voters	77.2	ocr
01061087	109	9	spd	19.7	ocr
01061087	109	9	fdp	2.0	ocr
01061087	109	9	gruene	1.0	ocr
01061088	108	10	without_certificate	88.9	ocr
01061088	108	10	with_certificate	11.1	ocr
01061088	108	10	number_voters	76.9	ocr
01061088	108	10	invalid_votes	0.4	ocr
01061088	109	10	spd	23.8	ocr
01061088	109	10	fdp	1.7	ocr
01061088	109	10	gruene	4.7	ocr
01061089	108	11	without_certificate	95.7	ocr
01061089	108	11	with_certificate	4.3	ocr
01061089	108	11	number_voters	82.8	ocr
01061089	108	11	invalid_votes	1.3	ocr
01061091	108	12	without_certificate	92.7	ocr
01061091	108	12	with_certificate	7.3	ocr
01061091	108	12	number_voters	80.6	ocr
01061091	109	12	spd	23.6	ocr
01061091	109	12	fdp	2.0	ocr
01061091	109	12	gruene	1.8	ocr
01061092	108	13	without_certificate	97.6	ocr
01061092	108	13	with_certificate	2.4	ocr
01061092	108	13	number_voters	82.4	ocr
01061092	108	13	invalid_votes	0.3	ocr
01061092	109	13	cdu	43.6	ocr
01061092	109	13	fdp	0.3	ocr
01061092	109	13	dkp	0.3	ocr
01061092	109	13	gruene	2.3	ocr
01061093	108	14	without_certificate	94.0	ocr
01061093	108	14	with_certificate	6.0	ocr
01061093	108	14	number_voters	81.1	ocr
01061093	109	14	spd	43.9	ocr
01061093	109	14	fdp	1.2	ocr
01061093	109	14	gruene	3.7	ocr
01061094	108	15	without_certificate	94.1	ocr
01061094	108	15	with_certificate	5.9	ocr
01061094	108	15	number_voters	82.4	ocr
01061094	109	15	spd	18.4	ocr
01061094	109	15	fdp	5.1	ocr
01061094	109	15	gruene	1.0	ocr
01061095	108	16	without_certificate	92.6	ocr
01061095	108	16	with_certificate	7.4	ocr
01061095	108	16	number_voters	77.8	ocr
01061095	108	16	invalid_votes	0.4	ocr
01061095	109	16	spd	35.8	visual
01061095	109	16	fdp	2.0	ocr
01061095	109	16	gruene	2.6	ocr
01061096	108	17	without_certificate	94.4	ocr
01061096	108	17	with_certificate	5.6	ocr
01061096	108	17	number_voters	79.5	ocr
01061096	109	17	spd	23.6	ocr
01061096	109	17	fdp	0.9	ocr
01061096	109	17	dgl	0.9	ocr
01061096	109	17	gruene	2.2	ocr
01061097	108	18	without_certificate	89.8	ocr
01061097	108	18	with_certificate	10.2	ocr
01061097	108	18	number_voters	77.7	ocr
01061097	108	18	invalid_votes	0.5	ocr
01061097	109	18	spd	39.7	ocr
01061097	109	18	fdp	2.0	ocr
01061097	109	18	ssw	0.2	ocr
01061097	109	18	gruene	3.5	ocr
01061098	108	19	without_certificate	93.2	ocr
01061098	108	19	with_certificate	6.8	ocr
01061098	109	19	spd	43.9	ocr
01061098	109	19	fdp	1.3	ocr
01061098	109	19	gruene	3.2	ocr
01061099	108	20	number_voters	83.6	ocr
01061099	109	20	spd	2.2	ocr
01061099	109	20	ssw	2.2	ocr
01061099	109	20	gruene	10.9	ocr
01061100	108	21	without_certificate	91.4	ocr
01061100	108	21	with_certificate	8.6	ocr
01061100	108	21	number_voters	77.6	ocr
01061100	109	21	spd	23.3	ocr
01061100	109	21	fdp	1.1	ocr
01061100	109	21	gruene	2.2	ocr
01061101	108	22	without_certificate	89.5	ocr
01061101	108	22	with_certificate	10.5	ocr
01061101	108	22	number_voters	80.1	ocr
01061101	109	22	spd	34.8	ocr
01061101	109	22	dkp	0.2	ocr
01061101	109	22	dgl	0.4	ocr
01061101	109	22	gruene	4.0	ocr
01061102	108	23	without_certificate	91.2	ocr
01061102	108	23	with_certificate	8.8	ocr
01061102	108	23	number_voters	78.1	ocr
01061102	109	23	spd	23.6	ocr
01061102	109	23	fdp	1.1	ocr
01061102	109	23	gruene	7.9	ocr
01061103	108	24	without_certificate	87.7	ocr
01061103	108	24	with_certificate	12.3	ocr
01061103	108	24	number_voters	84.2	ocr
01061103	109	24	spd	27.1	ocr
01061103	109	24	gruene	4.2	ocr
01061104	108	25	without_certificate	97.3	ocr
01061104	108	25	with_certificate	2.7	ocr
01061104	108	25	number_voters	81.0	ocr
01061104	108	25	invalid_votes	0.7	ocr
01061104	109	25	cdu	45.5	ocr
01061104	109	25	fdp	1.5	ocr
01061104	109	25	dgl	0.4	ocr
01061104	109	25	gruene	2.6	ocr
01061105	110	1	number_voters	84.9	ocr
01061105	110	1	invalid_votes	1.0	visual
01061105	111	1	spd	33.8	ocr
01061105	111	1	fdp	1.0	ocr
01061105	111	1	gruene	3.5	ocr
01061106	110	2	without_certificate	95.4	ocr
01061106	110	2	with_certificate	4.6	ocr
01061106	111	2	spd	15.0	ocr
01061106	111	2	fdp	2.5	ocr
01061106	111	2	gruene	6.7	ocr
01061107	110	3	without_certificate	92.8	ocr
01061107	110	3	with_certificate	7.2	ocr
01061107	110	3	number_voters	76.9	ocr
01061107	110	3	invalid_votes	0.4	ocr
01061107	111	3	spd	35.9	ocr
01061107	111	3	fdp	2.7	ocr
01061107	111	3	ssw	0.2	ocr
01061107	111	3	gruene	1.3	ocr
01061108	110	4	without_certificate	96.4	ocr
01061108	110	4	with_certificate	3.6	ocr
01061108	110	4	number_voters	85.1	ocr
01061108	111	4	spd	31.5	ocr
01061108	111	4	fdp	1.8	ocr
01061108	111	4	dkp	0.6	ocr
01061108	111	4	gruene	3.6	ocr
01061109	110	5	with_certificate	3.2	ocr
01061109	110	5	number_voters	83.4	ocr
01061109	111	5	spd	35.2	ocr
01061109	111	5	fdp	1.7	ocr
01061109	111	5	gruene	3.0	ocr
01061110	110	6	without_certificate	92.0	ocr
01061110	110	6	with_certificate	8.0	ocr
01061110	110	6	number_voters	83.5	ocr
01061110	110	6	invalid_votes	0.4	ocr
01061110	111	6	spd	45.3	ocr
01061110	111	6	fdp	1.2	ocr
01061110	111	6	gruene	4.9	ocr
01061112	110	7	without_certificate	91.9	ocr
01061112	110	7	with_certificate	8.1	ocr
01061112	110	7	invalid_votes	1.0	ocr
01061112	111	7	spd	17.9	ocr
01061112	111	7	fdp	7.4	ocr
01061112	111	7	gruene	1.1	ocr
01061113	110	8	with_certificate	10.0	ocr
01061113	110	8	number_voters	76.2	ocr
01061113	110	8	invalid_votes	0.4	ocr
01061113	111	8	spd	43.8	ocr
01061113	111	8	fdp	2.0	ocr
01061113	111	8	dgl	0.6	ocr
01061113	111	8	gruene	4.6	ocr
01061114	110	9	without_certificate	90.4	ocr
01061114	110	9	with_certificate	9.6	ocr
01061114	110	9	number_voters	81.9	ocr
01061114	111	9	spd	46.2	ocr
01061114	111	9	fdp	1.8	ocr
01061114	111	9	ssw	0.5	ocr
01061114	111	9	gruene	2.3	ocr
01061115	110	10	without_certificate	95.5	ocr
01061115	110	10	with_certificate	4.5	ocr
01061115	110	10	number_voters	82.7	ocr
01061115	110	10	invalid_votes	0.9	visual
01061115	111	10	spd	25.7	ocr
01061115	111	10	dgl	0.9	ocr
01061116	110	11	without_certificate	93.2	ocr
01061116	110	11	with_certificate	6.8	ocr
01061116	110	11	number_voters	77.3	ocr
01061116	111	11	spd	45.4	ocr
01061116	111	11	fdp	1.1	ocr
01061116	111	11	dkp	0.1	ocr
01061116	111	11	dgl	0.4	ocr
01061116	111	11	gruene	3.6	ocr
01061117	110	12	without_certificate	97.3	ocr
01061117	110	12	with_certificate	2.7	ocr
01061117	110	12	invalid_votes	0.5	ocr
01061117	111	12	spd	19.7	ocr
01061118	110	13	with_certificate	7.0	ocr
01061118	110	13	number_voters	83.5	ocr
01061118	110	13	invalid_votes	0.4	ocr
01061118	111	13	cdu	43.5	ocr
01061118	111	13	fdp	2.2	ocr
01061118	111	13	dgl	0.4	ocr
01061118	111	13	gruene	3.8	ocr
01062001	112	1	without_certificate	90.3	ocr
01062001	112	1	with_certificate	9.7	ocr
01062001	112	1	number_voters	76.1	ocr
01062001	112	1	invalid_votes	0.3	ocr
01062001	113	1	spd	44.4	ocr
01062001	113	1	fdp	2.6	ocr
01062001	113	1	dkp	0.1	ocr
01062001	113	1	gruene	4.8	ocr
01062003	112	2	without_certificate	95.3	ocr
01062003	112	2	with_certificate	4.7	ocr
01062003	112	2	number_voters	86.3	ocr
01062003	112	2	invalid_votes	0.7	ocr
01062003	113	2	spd	43.7	ocr
01062003	113	2	fdp	2.2	ocr
01062003	113	2	dkp	0.2	ocr
01062003	113	2	gruene	1.3	ocr
01062004	112	3	without_certificate	91.4	ocr
01062004	112	3	with_certificate	8.6	ocr
01062004	112	3	number_voters	75.0	ocr
01062004	112	3	invalid_votes	0.3	ocr
01062004	113	3	spd	45.6	ocr
01062004	113	3	fdp	2.0	ocr
01062004	113	3	dkp	0.1	ocr
01062004	113	3	dgl	0.4	ocr
01062004	113	3	gruene	3.0	ocr
01062005	112	4	without_certificate	92.6	ocr
01062005	112	4	with_certificate	7.4	ocr
01062005	112	4	number_voters	78.1	ocr
01062005	112	4	invalid_votes	0.6	ocr
01062005	113	4	spd	37.7	ocr
01062005	113	4	fdp	3.4	ocr
01062005	113	4	dkp	0.1	ocr
01062005	113	4	dgl	0.8	ocr
01062005	113	4	gruene	4.5	ocr
01062006	112	5	without_certificate	92.5	ocr
01062006	112	5	with_certificate	7.5	ocr
01062006	112	5	number_voters	77.3	ocr
01062006	112	5	invalid_votes	0.3	ocr
01062006	113	5	spd	44.7	ocr
01062006	113	5	fdp	2.4	ocr
01062006	113	5	dkp	0.3	ocr
01062006	113	5	dgl	0.6	ocr
01062006	113	5	gruene	4.4	ocr
01062008	112	6	without_certificate	94.3	ocr
01062008	112	6	with_certificate	5.7	ocr
01062008	112	6	number_voters	81.5	ocr
01062008	113	6	spd	44.5	ocr
01062008	113	6	fdp	2.0	ocr
01062008	113	6	dgl	0.5	ocr
01062008	113	6	gruene	2.5	ocr
01062009	112	7	without_certificate	92.7	ocr
01062009	112	7	with_certificate	7.3	ocr
01062009	112	7	number_voters	79.7	ocr
01062009	112	7	invalid_votes	0.2	ocr
01062009	113	7	spd	44.0	ocr
01062009	113	7	fdp	2.8	ocr
01062009	113	7	dkp	0.2	ocr
01062011	112	8	without_certificate	87.1	ocr
01062011	112	8	with_certificate	12.9	ocr
01062011	112	8	number_voters	76.8	ocr
01062011	112	8	invalid_votes	0.5	ocr
01062011	113	8	spd	25.1	ocr
01062011	113	8	fdp	1.7	ocr
01062011	113	8	gruene	4.1	ocr
01062014	112	9	without_certificate	93.7	ocr
01062014	112	9	with_certificate	6.3	ocr
01062014	112	9	number_voters	80.2	ocr
01062014	113	9	spd	42.1	ocr
01062014	113	9	fdp	0.3	ocr
01062014	113	9	dgl	0.6	ocr
01062014	113	9	gruene	3.2	ocr
01062016	112	10	without_certificate	95.4	ocr
01062016	112	10	with_certificate	4.6	ocr
01062016	112	10	number_voters	85.9	ocr
01062016	113	10	spd	33.6	ocr
01062016	113	10	fdp	3.9	ocr
01062016	113	10	dkp	0.1	ocr
01062016	113	10	dgl	0.5	ocr
01062016	113	10	gruene	3.9	ocr
01062018	112	11	without_certificate	92.6	ocr
01062018	112	11	with_certificate	7.4	ocr
01062018	112	11	number_voters	77.6	ocr
01062018	112	11	invalid_votes	0.2	ocr
01062018	113	11	cdu	43.4	ocr
01062018	113	11	fdp	1.9	ocr
01062018	113	11	dkp	0.1	ocr
01062018	113	11	gruene	4.0	ocr
01062019	112	12	without_certificate	94.2	ocr
01062019	112	12	with_certificate	5.8	ocr
01062019	112	12	number_voters	80.3	ocr
01062019	112	12	invalid_votes	0.2	ocr
01062019	113	12	spd	41.8	ocr
01062019	113	12	fdp	0.9	ocr
01062019	113	12	dgl	0.7	ocr
01062019	113	12	gruene	2.3	ocr
01062020	113	13	spd	42.0	ocr
01062020	113	13	fdp	3.6	ocr
01062020	113	13	gruene	2.6	ocr
01062021	112	14	without_certificate	93.2	ocr
01062021	112	14	with_certificate	6.8	ocr
01062021	112	14	number_voters	83.0	ocr
01062021	112	14	invalid_votes	0.5	ocr
01062021	113	14	spd	37.1	ocr
01062021	113	14	fdp	4.7	ocr
01062021	113	14	gruene	3.6	ocr
01062022	112	15	without_certificate	90.5	ocr
01062022	112	15	with_certificate	9.5	ocr
01062022	112	15	number_voters	80.0	ocr
01062022	112	15	invalid_votes	0.3	ocr
01062022	113	15	spd	39.2	ocr
01062022	113	15	fdp	5.4	ocr
01062022	113	15	gruene	4.6	ocr
01062023	112	16	without_certificate	86.8	ocr
01062023	112	16	with_certificate	13.2	ocr
01062023	112	16	number_voters	78.0	ocr
01062023	112	16	invalid_votes	0.3	ocr
01062023	113	16	spd	35.5	ocr
01062023	113	16	fdp	3.7	ocr
01062023	113	16	dkp	0.2	ocr
01062023	113	16	gruene	5.3	ocr
01062025	112	17	without_certificate	91.3	ocr
01062025	112	17	with_certificate	8.7	ocr
01062025	112	17	number_voters	81.5	ocr
01062025	112	17	invalid_votes	0.3	ocr
01062025	113	17	spd	40.7	ocr
01062025	113	17	fdp	1.1	ocr
01062025	113	17	dgl	0.2	ocr
01062025	113	17	gruene	1.6	ocr
01062026	112	18	without_certificate	93.3	ocr
01062026	112	18	with_certificate	6.7	ocr
01062026	112	18	number_voters	80.9	ocr
01062026	113	18	spd	39.0	ocr
01062026	113	18	fdp	1.3	ocr
01062026	113	18	gruene	6.1	ocr
01062027	112	19	without_certificate	94.9	ocr
01062027	112	19	with_certificate	5.1	ocr
01062027	112	19	number_voters	83.8	ocr
01062027	112	19	invalid_votes	0.6	ocr
01062027	113	19	spd	44.2	ocr
01062027	113	19	fdp	1.4	ocr
01062027	113	19	gruene	1.2	ocr
01062031	112	20	without_certificate	91.1	ocr
01062031	112	20	with_certificate	8.9	ocr
01062031	112	20	number_voters	77.5	ocr
01062031	112	20	invalid_votes	0.5	ocr
01062031	113	20	spd	45.9	ocr
01062031	113	20	fdp	4.8	ocr
01062031	113	20	gruene	2.4	ocr
01062032	112	21	without_certificate	94.3	ocr
01062032	112	21	with_certificate	5.7	ocr
01062032	112	21	number_voters	79.1	ocr
01062032	112	21	invalid_votes	0.7	ocr
01062032	113	21	spd	35.6	ocr
01062032	113	21	fdp	1.7	ocr
01062032	113	21	gruene	1.7	ocr
01062033	112	22	without_certificate	93.3	ocr
01062033	112	22	with_certificate	6.7	ocr
01062033	112	22	number_voters	91.1	ocr
01062033	113	22	spd	36.6	ocr
01062033	113	22	fdp	2.4	ocr
01062033	113	22	gruene	12.2	ocr
01062035	112	23	without_certificate	91.5	ocr
01062035	112	23	with_certificate	8.5	ocr
01062035	112	23	number_voters	79.3	ocr
01062035	112	23	invalid_votes	0.4	ocr
01062035	113	23	spd	41.7	ocr
01062035	113	23	fdp	2.7	ocr
01062035	113	23	dkp	0.1	ocr
01062035	113	23	gruene	3.8	ocr
01062036	112	24	without_certificate	92.3	ocr
01062036	112	24	with_certificate	7.7	ocr
01062036	112	24	number_voters	78.8	ocr
01062036	112	24	invalid_votes	0.6	ocr
01062036	113	24	spd	33.7	ocr
01062036	113	24	fdp	3.4	ocr
01062036	113	24	dkp	0.1	ocr
01062036	113	24	dgl	1.0	ocr
01062036	113	24	gruene	3.4	ocr
01062039	112	25	without_certificate	95.2	ocr
01062039	112	25	with_certificate	4.8	ocr
01062039	112	25	number_voters	83.0	ocr
01062039	113	25	spd	35.6	ocr
01062039	113	25	fdp	1.9	ocr
01062039	113	25	dgl	0.6	ocr
01062039	113	25	gruene	1.6	ocr
01062040	114	1	without_certificate	94.6	ocr
01062040	114	1	with_certificate	5.4	ocr
01062040	114	1	number_voters	81.2	ocr
01062040	115	1	spd	35.4	ocr
01062040	115	1	fdp	1.2	ocr
01062040	115	1	gruene	1.8	ocr
01062045	114	2	without_certificate	87.6	ocr
01062045	114	2	with_certificate	12.4	ocr
01062045	114	2	number_voters	74.0	ocr
01062045	114	2	invalid_votes	0.2	ocr
01062045	115	2	spd	40.7	ocr
01062045	115	2	fdp	3.3	ocr
01062045	115	2	gruene	3.6	ocr
01062046	114	3	without_certificate	94.8	ocr
01062046	114	3	with_certificate	5.2	ocr
01062046	114	3	number_voters	80.7	ocr
01062046	114	3	invalid_votes	0.3	ocr
01062046	115	3	spd	45.8	ocr
01062046	115	3	fdp	2.4	ocr
01062046	115	3	dgl	0.8	ocr
01062046	115	3	gruene	2.4	ocr
01062048	114	4	without_certificate	92.0	ocr
01062048	114	4	with_certificate	8.0	ocr
01062048	114	4	number_voters	77.9	ocr
01062048	114	4	invalid_votes	0.4	ocr
01062048	115	4	spd	31.4	ocr
01062048	115	4	fdp	2.2	ocr
01062048	115	4	dkp	0.4	ocr
01062048	115	4	gruene	0.4	ocr
01062050	114	5	without_certificate	96.9	ocr
01062050	114	5	with_certificate	3.1	ocr
01062050	114	5	number_voters	88.6	ocr
01062050	115	5	fdp	1.5	ocr
01062050	115	5	dgl	0.5	ocr
01062050	115	5	gruene	2.5	ocr
01062051	114	6	without_certificate	95.2	ocr
01062051	114	6	with_certificate	4.8	ocr
01062051	115	6	spd	30.1	ocr
01062051	115	6	fdp	1.2	ocr
01062051	115	6	dkp	0.4	ocr
01062051	115	6	dgl	2.0	ocr
01062051	115	6	gruene	3.9	ocr
01062053	114	7	without_certificate	91.4	ocr
01062053	114	7	with_certificate	8.6	visual
01062053	114	7	number_voters	79.0	ocr
01062053	114	7	invalid_votes	0.3	ocr
01062053	115	7	spd	41.7	ocr
01062053	115	7	fdp	3.2	ocr
01062053	115	7	gruene	4.2	ocr
01062056	114	8	without_certificate	95.8	ocr
01062056	114	8	with_certificate	4.2	ocr
01062056	114	8	number_voters	82.1	ocr
01062056	114	8	invalid_votes	0.8	ocr
01062056	115	8	spd	45.5	ocr
01062056	115	8	fdp	1.1	ocr
01062056	115	8	dkp	0.2	ocr
01062056	115	8	dgl	0.3	ocr
01062056	115	8	gruene	1.5	ocr
01062058	114	9	without_certificate	90.8	ocr
01062058	114	9	with_certificate	9.2	ocr
01062058	114	9	number_voters	86.3	ocr
01062058	115	9	spd	25.8	ocr
01062058	115	9	fdp	4.5	ocr
01062058	115	9	gruene	9.8	ocr
01062059	114	10	without_certificate	95.3	ocr
01062059	114	10	with_certificate	4.7	ocr
01062059	114	10	number_voters	82.3	ocr
01062059	115	10	spd	42.4	ocr
01062059	115	10	fdp	0.3	ocr
01062059	115	10	dgl	0.3	ocr
01062059	115	10	gruene	2.5	ocr
01062060	114	11	without_certificate	88.4	ocr
01062060	114	11	with_certificate	11.6	ocr
01062060	114	11	number_voters	76.2	ocr
01062060	114	11	invalid_votes	0.3	ocr
01062060	115	11	spd	43.3	ocr
01062060	115	11	fdp	2.6	ocr
01062060	115	11	dkp	0.1	ocr
01062060	115	11	gruene	5.5	ocr
01062061	114	12	without_certificate	91.7	ocr
01062061	114	12	with_certificate	8.3	ocr
01062061	114	12	number_voters	79.9	ocr
01062061	114	12	invalid_votes	0.3	visual
01062061	115	12	fdp	2.0	ocr
01062061	115	12	dgl	0.4	ocr
01062061	115	12	gruene	2.6	ocr
01062062	114	13	without_certificate	95.2	ocr
01062062	114	13	with_certificate	4.8	ocr
01062062	114	13	invalid_votes	0.8	ocr
01062062	115	13	spd	44.8	ocr
01062062	115	13	fdp	0.8	ocr
01062062	115	13	dgl	0.9	ocr
01062062	115	13	gruene	2.3	ocr
01062065	114	14	without_certificate	92.8	ocr
01062065	114	14	with_certificate	7.2	ocr
01062065	114	14	number_voters	81.2	ocr
01062065	114	14	invalid_votes	1.1	ocr
01062065	115	14	spd	40.9	visual
01062065	115	14	fdp	0.9	ocr
01062065	115	14	gruene	3.2	ocr
01062069	114	15	without_certificate	92.2	ocr
01062069	114	15	with_certificate	7.8	ocr
01062069	115	15	fdp	3.4	ocr
01062069	115	15	gruene	3.1	ocr
01062071	114	16	without_certificate	93.4	ocr
01062071	114	16	with_certificate	6.6	ocr
01062071	114	16	number_voters	82.8	ocr
01062071	114	16	invalid_votes	0.6	ocr
01062071	115	16	spd	39.1	ocr
01062071	115	16	fdp	1.2	ocr
01062071	115	16	gruene	3.7	ocr
01062076	114	17	without_certificate	90.9	visual
01062076	114	17	with_certificate	9.1	ocr
01062076	114	17	number_voters	80.2	visual
01062076	114	17	invalid_votes	0.3	ocr
01062076	115	17	spd	42.6	ocr
01062076	115	17	fdp	2.5	ocr
01062076	115	17	dgl	0.5	ocr
01062076	115	17	gruene	3.0	ocr
01062078	114	18	without_certificate	92.8	ocr
01062078	114	18	with_certificate	7.2	ocr
01062078	114	18	number_voters	81.6	ocr
01062078	114	18	invalid_votes	0.2	ocr
01062078	115	18	spd	43.1	ocr
01062078	115	18	fdp	1.4	ocr
01062078	115	18	dgl	0.3	ocr
01062078	115	18	gruene	1.5	ocr
01062081	114	19	without_certificate	95.2	ocr
01062081	114	19	with_certificate	4.8	ocr
01062081	114	19	number_voters	82.3	ocr
01062081	114	19	invalid_votes	0.2	ocr
01062081	115	19	spd	44.3	ocr
01062081	115	19	fdp	2.5	ocr
01062081	115	19	dkp	0.2	ocr
01062081	115	19	dgl	0.8	ocr
01062081	115	19	gruene	4.8	ocr
01062082	114	20	without_certificate	92.8	ocr
01062082	114	20	with_certificate	7.2	ocr
01062082	114	20	number_voters	77.2	ocr
01062082	114	20	invalid_votes	0.2	ocr
01062082	115	20	spd	39.3	ocr
01062082	115	20	fdp	3.3	ocr
01062082	115	20	dkp	0.1	ocr
01062082	115	20	gruene	4.3	ocr
01062083	114	21	without_certificate	94.6	ocr
01062083	114	21	with_certificate	5.4	ocr
01062083	114	21	number_voters	84.5	ocr
01062083	115	21	cdu	43.4	ocr
01062083	115	21	fdp	1.6	ocr
01062083	115	21	dkp	0.2	ocr
01062083	115	21	dgl	1.1	ocr
01062083	115	21	gruene	3.8	ocr
01062086	114	22	without_certificate	90.9	ocr
01062086	114	22	with_certificate	9.1	ocr
01062086	114	22	number_voters	80.9	ocr
01062086	114	22	invalid_votes	0.2	visual
01062086	115	22	spd	42.3	ocr
01062086	115	22	fdp	2.5	ocr
01062086	115	22	gruene	2.4	ocr
01062087	114	23	without_certificate	94.0	ocr
01062087	114	23	with_certificate	6.0	ocr
01062087	114	23	number_voters	80.4	ocr
01062087	114	23	invalid_votes	0.4	ocr
01062087	115	23	spd	46.3	ocr
01062087	115	23	fdp	2.4	ocr
01062087	115	23	dgl	0.5	ocr
01062087	115	23	gruene	2.1	ocr
01062088	114	24	without_certificate	94.0	ocr
01062088	114	24	with_certificate	6.0	ocr
01062088	114	24	number_voters	86.0	ocr
01062088	114	24	invalid_votes	0.3	ocr
01062088	115	24	spd	37.5	ocr
01062088	115	24	fdp	2.4	ocr
01062088	115	24	gruene	5.4	ocr
01062089	114	25	without_certificate	96.0	ocr
01062089	114	25	with_certificate	4.0	ocr
01062089	114	25	number_voters	85.4	ocr
01062089	114	25	invalid_votes	0.5	ocr
01062089	115	25	spd	37.2	ocr
01062089	115	25	fdp	1.7	ocr
01062089	115	25	dgl	0.5	ocr
01062089	115	25	gruene	2.9	ocr
01062090	116	1	without_certificate	91.1	ocr
01062090	116	1	with_certificate	8.9	ocr
01062090	116	1	number_voters	78.6	ocr
01062090	116	1	invalid_votes	0.4	ocr
01062090	117	1	spd	42.7	ocr
01062090	117	1	fdp	3.3	ocr
01062090	117	1	dkp	0.2	ocr
01062090	117	1	gruene	5.2	ocr
01062091	116	2	without_certificate	94.0	ocr
01062091	116	2	with_certificate	6.0	ocr
01062091	116	2	number_voters	81.4	ocr
01062091	116	2	invalid_votes	0.2	ocr
01062091	117	2	spd	46.7	ocr
01062091	117	2	fdp	1.7	ocr
01062091	117	2	dgl	0.4	ocr
01062091	117	2	gruene	3.0	ocr
01062092	116	3	without_certificate	94.3	ocr
01062092	116	3	with_certificate	5.7	ocr
01062092	116	3	number_voters	84.1	ocr
01062092	116	3	invalid_votes	0.1	ocr
01062092	117	3	spd	42.2	ocr
01062092	117	3	fdp	1.1	ocr
01062092	117	3	dgl	1.0	ocr
01062092	117	3	gruene	3.7	ocr
01062093	116	4	without_certificate	95.4	ocr
01062093	116	4	with_certificate	4.6	ocr
01062093	116	4	number_voters	75.0	ocr
01062093	117	4	spd	26.3	ocr
01062093	117	4	fdp	3.3	ocr
01062093	117	4	dkp	0.4	ocr
01062093	117	4	dgl	0.8	ocr
01062093	117	4	gruene	6.2	ocr
01062094	116	5	without_certificate	93.6	ocr
01062094	116	5	with_certificate	6.4	ocr
01062094	116	5	number_voters	84.8	ocr
01062094	116	5	invalid_votes	0.5	ocr
01062094	117	5	spd	32.8	ocr
01062094	117	5	fdp	2.0	ocr
01062094	117	5	gruene	0.8	ocr
